# index, vids, hemisphere, homologue, cell_type, annotations, cluster, _pos
0,9842383,left,6219445,DN-SEZ,no official annotation,5,"array([0.59006798, 0.95983181])"
1,1347886,left,7160160,sensory,gustatory-pharyngeal,6,"array([0.54658483, 0.99906774])"
2,11671564,left,15522777,sensory,gustatory-pharyngeal,3,"array([0.56158484, 0.92070416])"
3,3498479,left,3414508,DN-SEZ,no official annotation,83,"array([0.62720193, 0.89232453])"
4,9787859,left,11941255,DN-SEZ,no official annotation,52,"array([0.57973054, 0.93646017])"
5,9795662,left,15250080,DN-SEZ,no official annotation,52,"array([0.60554934, 0.95698193])"
6,17360254,left,4393350,PN-somato,noci 2nd_order PN,18,"array([0.71944118, 0.82421186])"
7,17378483,right,17360038,pre-DN-VNC,no official annotation,50,"array([0.68086295, 0.81137147])"
8,1690576,right,1042538,ascending,A00c_a6; noci,52,"array([0.72783034, 0.82653876])"
9,17360038,left,17378483,pre-DN-VNC,no official annotation,50,"array([0.69716258, 0.81455344])"
10,16490014,left,1141813,PN-somato,noci 2nd_order PN,14,"array([0.74753396, 0.8457764 ])"
11,4595609,left,19120853,ascending,mechano-II/III,56,"array([0.65764293, 0.89711465])"
12,19120772,left,891237,sensory,respiratory,20,"array([0.71547931, 0.9761898 ])"
13,3795424,left,11291344,sensory,respiratory,20,"array([0.67238891, 0.95724601])"
14,8247641,right,17414715,LN,no official annotation,25,"array([0.51299459, 0.87560215])"
15,8480418,right,-1,LN,no official annotation,25,"array([0.50556256, 0.87401094])"
16,7897051,right,8700125,LN,no official annotation,25,"array([0.51276437, 0.8706619 ])"
17,8271034,right,7694589,LN,no official annotation,52,"array([0.50018873, 0.87917671])"
18,16014701,left,16574328,PN-somato,mechano-Ch 2nd_order PN,18,"array([0.74076704, 0.87420842])"
19,19919566,left,1137946,PN-somato,mechano-Ch 2nd_order PN,18,"array([0.73577585, 0.8531807 ])"
20,10403609,right,16961482,PN-somato,mechano-Ch 2nd_order PN,18,"array([0.73022863, 0.82345783])"
21,15668869,right,19102929,PN-somato,mechano-Ch 2nd_order PN,18,"array([0.72632872, 0.86027497])"
22,5704424,,-1,,,0,"array([0.73581944, 0.86448027])"
23,16595001,left,21591033,PN-somato,mechano-Ch 2nd_order PN,18,"array([0.724768  , 0.84335345])"
24,7184082,right,5343578,ascending,mechano-Ch,23,"array([0.75681205, 0.79294798])"
25,11719626,left,20278329,PN-somato,mechano-Ch 2nd_order PN,18,"array([0.73106138, 0.8543884 ])"
26,9730873,right,-1,KC,KC,42,"array([0.53433434, 0.81970206])"
27,3234817,right,15571194,LN,APL,57,"array([0.55836937, 0.83126897])"
28,4651929,right,8399890,PN,94a&94b PN; uPN; olfactory 2nd_order PN,12,"array([0.5605423 , 0.85884661])"
29,3664102,right,7187384,KC,KC,40,"array([0.564758  , 0.82823227])"
30,7057894,left,6611894,MBIN,DAN-i1,57,"array([0.56568044, 0.81585625])"
31,8066542,right,11725803,KC,KC,30,"array([0.55268135, 0.81176865])"
32,8504660,right,-1,KC,KC,49,"array([0.53193187, 0.81612793])"
33,3813487,,-1,,,0,"array([0.56550623, 0.83939523])"
34,8850802,right,5937084,KC,KC,30,"array([0.55105814, 0.81628223])"
35,8245146,right,7851153,PN,82a PN; uPN; olfactory 2nd_order PN,12,"array([0.51107183, 0.85717395])"
36,8413663,right,16627838,KC,KC,30,"array([0.55370377, 0.81880544])"
37,17884299,right,11333054,PN,Gustatory PN 1; gustatory-external 2nd_order PN,17,"array([0.57614309, 0.87587422])"
38,8248631,right,7865652,PN,22c PN; uPN; olfactory 2nd_order PN,12,"array([0.56322232, 0.86048197])"
39,12740290,left,2432564,PN,gut 2nd_order PN,21,"array([0.60222106, 1.05662176])"
40,15994926,left,15576194,sensory,gut,9,"array([0.57914425, 1.04403433])"
41,15770945,left,17951153,sensory,gut,16,"array([0.61523893, 1.08051753])"
42,1435466,left,15546924,sensory,gut,16,"array([0.63724464, 1.039306  ])"
43,1351125,left,15564911,sensory,gut,9,"array([0.58784686, 1.10427968])"
44,19470184,left,3732322,DN-SEZ,no official annotation,24,"array([0.58961007, 1.03153076])"
45,8880781,right,17223685,DN-VNC,no official annotation,18,"array([0.72472907, 0.79739466])"
46,1042538,left,1690576,ascending,A00c_a6; noci,52,"array([0.71902299, 0.80802925])"
47,5343578,left,7184082,ascending,mechano-Ch,23,"array([0.71750127, 0.79541596])"
48,8805777,right,14338439,PN-somato,noci 2nd_order PN,26,"array([0.7149547 , 0.83906284])"
49,21591033,right,16595001,PN-somato,mechano-Ch 2nd_order PN,18,"array([0.72101888, 0.81216697])"
50,4130960,right,16059078,PN-somato,mechano-Ch 2nd_order PN,27,"array([0.70872692, 0.84888272])"
51,7766016,left,10937355,ascending,mechano-Ch,14,"array([0.72526207, 0.82139132])"
52,9161929,right,17729410,PN-somato,noci 2nd_order PN,19,"array([0.72882214, 0.81263762])"
53,6692908,right,11263687,PN-somato,noci 2nd_order PN,18,"array([0.70783289, 0.83793599])"
54,16961482,left,10403609,PN-somato,mechano-Ch 2nd_order PN,18,"array([0.73508345, 0.82528642])"
55,10982951,left,8697453,PN-somato,noci 2nd_order PN,18,"array([0.71667808, 0.8565471 ])"
56,17654624,right,12273754,PN-somato,noci 2nd_order PN,18,"array([0.72457415, 0.82925958])"
57,8970595,right,17105977,PN-somato,noci 2nd_order PN,18,"array([0.71143047, 0.81677546])"
58,21590978,,-1,,,0,"array([0.75098221, 0.80281002])"
59,2511238,left,3093284,ascending,A00c_a4; noci,52,"array([0.70600824, 0.81086352])"
60,5462159,left,6446394,DN-VNC,no official annotation,68,"array([0.68534065, 0.80354752])"
61,16574328,right,16014701,PN-somato,mechano-Ch 2nd_order PN,18,"array([0.74239517, 0.84316174])"
62,8641784,right,17464168,PN-somato,mechano-Ch 2nd_order PN,18,"array([0.72297292, 0.81648827])"
63,11455472,left,8257672,ascending,unknown modality,23,"array([0.76452299, 0.81267345])"
64,17541953,right,9508724,PN-somato,mechano-Ch 2nd_order PN,18,"array([0.72032558, 0.85342504])"
65,3182103,right,9739780,pre-DN-SEZ,no official annotation,18,"array([0.72876336, 0.83317617])"
66,15684934,right,17729020,PN-somato,mechano-Ch 2nd_order PN,18,"array([0.72810309, 0.85663353])"
67,2432564,right,12740290,PN,gut 2nd_order PN,21,"array([0.60685398, 1.04086491])"
68,15574328,right,9820270,sensory,gut,20,"array([0.60915271, 0.97455259])"
69,15574941,right,-1,sensory,gut,24,"array([0.60609012, 1.02752192])"
70,15575052,right,-1,sensory,gut,9,"array([0.59020009, 1.05094114])"
71,6883831,right,1375101,sensory,gut,20,"array([0.6159185 , 1.00152424])"
72,3420915,left,3622234,PN,FFN-18; gustatory-pharyngeal 2nd_order PN; gut 2nd_order PN,54,"array([0.63618157, 0.91561294])"
73,1398253,left,15574199,sensory,gut,63,"array([0.63581589, 0.96190877])"
74,18440675,left,12335381,DN-SEZ,no official annotation,5,"array([0.58126124, 0.96440568])"
75,1406463,left,15573450,sensory,gut,20,"array([0.66209135, 0.9835941 ])"
76,1405493,left,15548694,sensory,gut,20,"array([0.62966875, 0.96435463])"
77,3436420,right,6445994,DN-SEZ,no official annotation,83,"array([0.64374942, 0.91398494])"
78,2816457,left,2619565,ascending,A00c_a5; noci,23,"array([0.71511299, 0.80019417])"
79,3093284,right,2511238,ascending,A00c_a4; noci,52,"array([0.70732595, 0.8208578 ])"
80,8826198,right,15514582,PN-somato,noci 2nd_order PN,71,"array([0.65732233, 0.78998682])"
81,9720614,right,10893103,PN-somato,noci 2nd_order PN,46,"array([0.69896904, 0.82499198])"
82,11081239,right,17732031,pre-DN-VNC,no official annotation,46,"array([0.68570636, 0.82837768])"
83,16347283,right,10229852,PN-somato,noci 2nd_order PN,78,"array([0.60472452, 0.74463199])"
84,9753418,right,5769582,PN-somato,noci 2nd_order PN,62,"array([0.65445287, 0.81286223])"
85,9698907,,-1,,,0,"array([0.69952629, 0.82052972])"
86,17654634,right,6623049,LN,no official annotation,52,"array([0.69763441, 0.78682733])"
87,8203947,left,17952967,LHN,no official annotation,47,"array([0.6276809 , 0.82758297])"
88,8349454,left,1591351,PN,FFN-30; gustatory-external 2nd_order PN; gustatory-pharyngeal 2nd_order PN,22,"array([0.60967632, 0.8722144 ])"
89,8752697,right,3157405,MB-FBN,FAN-1,55,"array([0.63126504, 0.85549936])"
90,5369028,right,16428373,pre-DN-VNC,no official annotation,62,"array([0.64069371, 0.80479068])"
91,5134110,right,5657004,pre-DN-VNC,no official annotation,46,"array([0.69580773, 0.82254074])"
92,9641919,right,16089738,CN,no official annotation,53,"array([0.60809443, 0.84716832])"
93,7982896,left,8177199,LHN,no official annotation,32,"array([0.59309397, 0.85501233])"
94,5734134,,-1,,,0,"array([0.65395908, 0.83412273])"
95,11464638,right,10543751,CN,CN-4,64,"array([0.60613499, 0.80600154])"
96,9507904,right,12325227,PN-somato,FFN-29; noci 2nd_order PN,43,"array([0.65894614, 0.83711471])"
97,16356967,left,10319019,PN-somato,Tel10; noci 2nd_order PN,52,"array([0.68666724, 0.78550491])"
98,5503982,right,8347907,pre-DN-VNC,no official annotation,52,"array([0.70172551, 0.79133032])"
99,16617920,right,5745929,pre-DN-VNC,no official annotation,71,"array([0.65224232, 0.77723629])"
100,17177005,left,8019816,MB-FBN,FB2N-5,81,"array([0.60477868, 0.76003236])"
101,7065182,right,18062678,LN,CN-20,75,"array([0.59743613, 0.79439531])"
102,17380319,right,10248031,pre-DN-VNC,no official annotation,85,"array([0.61785213, 0.72354348])"
103,18098174,right,16385470,MB-FFN,FFN-23,76,"array([0.63000798, 0.78226216])"
104,7980369,right,7026287,MB-FBN,FBN-23,75,"array([0.60403876, 0.81074318])"
105,16699958,right,14000746,MB-FBN,CN-33; FAN-7,82,"array([0.59290854, 0.7970067 ])"
106,14214039,right,9057998,CN,no official annotation,76,"array([0.59909099, 0.77405728])"
107,16823703,right,16475849,MB-FBN,CN-25; FAN-12,64,"array([0.59530236, 0.80676791])"
108,12122924,right,10612094,MB-FBN,FBN-28; mechano-Ch 2nd_order PN,60,"array([0.62058211, 0.79019059])"
109,16181377,right,11703922,LHN,LHN-16; CN-52,53,"array([0.59523882, 0.8460447 ])"
110,11826171,right,4391317,LHN,no official annotation,53,"array([0.57314822, 0.84159912])"
111,8469124,right,8582134,LHN,no official annotation,55,"array([0.60594496, 0.82340964])"
112,4514494,right,8078096,MB-FBN,CN-44; FAN-3,64,"array([0.59027153, 0.82412906])"
113,17437725,right,10427055,LHN,no official annotation,55,"array([0.60000738, 0.80327142])"
114,7431625,right,17047087,LHN,no official annotation,53,"array([0.61187907, 0.85266535])"
115,17058350,,-1,,,0,"array([0.58484099, 0.84407719])"
116,4099900,right,2439134,LHN,no official annotation,53,"array([0.59334727, 0.84374616])"
117,18425189,,-1,,,0,"array([0.64554924, 0.86196371])"
118,14540633,left,4473922,MB-FBN,CN-36; FAN-4; PL-9,64,"array([0.58962924, 0.80978087])"
119,15594113,left,15590555,pre-DN-SEZ,no official annotation,76,"array([0.6242527 , 0.80959287])"
120,9457719,right,13852833,MB-FBN,FB2N-4,53,"array([0.61633357, 0.84208864])"
121,10340880,right,16089743,LHN,no official annotation,61,"array([0.59075325, 0.85301962])"
122,7977834,right,7582489,LHN,no official annotation,53,"array([0.58127378, 0.83803443])"
123,8305958,right,9207332,LHN,no official annotation,53,"array([0.58480749, 0.85801079])"
124,16335254,right,15517247,pre-DN-VNC,no official annotation,31,"array([0.65168291, 0.84563999])"
125,13722516,right,16141217,LHN,no official annotation,37,"array([0.66162698, 0.88611919])"
126,20479959,,-1,,,0,"array([0.66713617, 0.8907598 ])"
127,17326218,right,4664256,PN-somato,noci 2nd_order PN,31,"array([0.67252968, 0.80552066])"
128,18341449,,-1,,,0,"array([0.66913309, 0.89725469])"
129,10018260,left,17379372,LHN,no official annotation,47,"array([0.64561437, 0.84673793])"
130,9141404,left,16691937,MB-FBN,CN-37; FBN-2,82,"array([0.59487359, 0.77737817])"
131,8052161,left,4152272,MB-FBN,FB2N-14,69,"array([0.5770603 , 0.75749103])"
132,17280216,left,4337398,MB-FBN,FB2N-13,69,"array([0.58176818, 0.75252139])"
133,12805363,right,11525714,MBIN,OAN-g1,74,"array([0.59015428, 0.79903075])"
134,13852833,left,9457719,MB-FBN,FB2N-4,53,"array([0.61369345, 0.83643073])"
135,17047087,left,7431625,LHN,no official annotation,53,"array([0.61417428, 0.85092638])"
136,4274518,left,19156025,pre-DN-VNC,no official annotation,74,"array([0.59352794, 0.76588829])"
137,6610913,right,16852589,pre-DN-SEZ,no official annotation,91,"array([0.59863043, 0.75116705])"
138,7056904,left,17176927,pre-DN-SEZ,CN-30,64,"array([0.59698376, 0.80490121])"
139,11011058,left,2667061,CN,FFN-2,55,"array([0.5858211 , 0.79996013])"
140,17176808,left,17176819,MB-FFN,FFN-6,77,"array([0.63723115, 0.80955884])"
141,4117305,left,16720240,KC,KC,36,"array([0.56239652, 0.8026354 ])"
142,15398730,left,6703240,MBON,MBON-n1,64,"array([0.5768839, 0.8124971])"
143,8540770,left,15488316,MB-FBN,FB2N-8,76,"array([0.61178818, 0.7959044 ])"
144,15404207,right,4381129,MBIN,MBIN-l1,57,"array([0.57634476, 0.77391813])"
145,11257084,left,7612147,LHN,LHN-20; CN-56,64,"array([0.60501204, 0.81451928])"
146,15766806,left,13863331,MB-FBN,FBN-15; LHN-12; CN-48,61,"array([0.59955764, 0.83448718])"
147,4199033,right,4408397,MB-FBN,FAN-8,81,"array([0.59119193, 0.78045753])"
148,10427055,left,17437725,LHN,no official annotation,55,"array([0.5959783 , 0.81386419])"
149,9409359,left,3913620,CN,CN-6,64,"array([0.61185611, 0.79309743])"
150,14617508,left,14680483,pre-DN-VNC,CN-34,77,"array([0.63488022, 0.76892935])"
151,7371184,right,16383966,pre-DN-VNC,no official annotation,65,"array([0.62188921, 0.74657569])"
152,16445073,left,15481779,pre-DN-VNC,no official annotation,77,"array([0.62789014, 0.77754993])"
153,5681132,left,7574701,MB-FBN,FBN-25,87,"array([0.58778938, 0.72335207])"
154,17016974,left,4022539,MBON,MBON-m1; CN-62,82,"array([0.58798033, 0.79122824])"
155,8019816,right,17177005,MB-FBN,FB2N-5,81,"array([0.6047054 , 0.76599367])"
156,8792477,right,9062992,MB-FBN,FBN-21,81,"array([0.59360184, 0.76178966])"
157,18028397,right,16846805,MBON,MBON-k1,59,"array([0.58291486, 0.79554912])"
158,5934511,right,9064208,MB-FBN,FBN-19,81,"array([0.58647723, 0.76238425])"
159,4617479,right,8864785,MB-FBN,FBN-7,79,"array([0.62605014, 0.80311453])"
160,14451162,,-1,,,0,"array([0.63975185, 0.84247536])"
161,10543751,left,11464638,CN,CN-4,64,"array([0.59306646, 0.8057761 ])"
162,11003551,left,17913199,PN-somato,noci 2nd_order PN,81,"array([0.60528234, 0.77307089])"
163,15421363,left,3299214,MBON,MBON-j1,57,"array([0.57240974, 0.81701718])"
164,5938794,left,8310955,LHN,no official annotation,61,"array([0.58746422, 0.8383071 ])"
165,9103732,right,9238937,MB-FBN,FAN-10,81,"array([0.59845789, 0.76889807])"
166,4391317,left,11826171,LHN,no official annotation,53,"array([0.5805484 , 0.84113834])"
167,11703922,left,16181377,LHN,LHN-16; CN-52,53,"array([0.59030893, 0.8424237 ])"
168,4228119,,-1,,,0,"array([0.59119354, 0.80293032])"
169,16933362,left,4234016,MB-FFN,FFN-41,69,"array([0.57924941, 0.7619159 ])"
170,17813006,right,9051960,CN,no official annotation,76,"array([0.60833693, 0.79310602])"
171,4381377,left,10673895,MBIN,DAN-g1,57,"array([0.57777683, 0.80864645])"
172,11600886,left,7980189,CN,CN-24,82,"array([0.59948115, 0.79674256])"
173,16385470,left,18098174,MB-FFN,FFN-23,76,"array([0.63630653, 0.78283494])"
174,9051960,left,17813006,CN,no official annotation,76,"array([0.60837088, 0.7897281 ])"
175,14374534,right,1679034,pre-DN-VNC,no official annotation,78,"array([0.60136498, 0.75271774])"
176,3862443,right,5691934,PN-somato,noci 2nd_order PN,46,"array([0.69945736, 0.83246164])"
177,17729088,left,9637388,LHN,noci 2nd_order PN,26,"array([0.69898451, 0.85623991])"
178,11029851,right,15587533,PN-somato,mechano-Ch 2nd_order PN,27,"array([0.72022506, 0.83373317])"
179,8942413,right,11286854,PN-somato,mechano-Ch 2nd_order PN,14,"array([0.74932036, 0.86051854])"
180,15587533,left,11029851,PN-somato,mechano-Ch 2nd_order PN,27,"array([0.72406317, 0.83811383])"
181,9508724,left,17541953,PN-somato,mechano-Ch 2nd_order PN,18,"array([0.72846712, 0.85102359])"
182,17430685,,-1,,,0,"array([0.70003943, 0.86509791])"
183,4680995,left,17806341,LHN,LHN-4; PL-2; noci 2nd_order PN,47,"array([0.63855965, 0.83468052])"
184,12195879,left,20443598,PN-somato,noci 2nd_order PN,71,"array([0.67488739, 0.77157493])"
185,14270761,,-1,,,0,"array([0.70063323, 0.75339517])"
186,9103710,,-1,,,0,"array([0.69064402, 0.76387244])"
187,14757050,right,18149325,pre-DN-VNC,no official annotation,52,"array([0.68344655, 0.79540715])"
188,14755393,right,17360266,pre-DN-VNC,no official annotation,71,"array([0.66123118, 0.7559435 ])"
189,16541149,left,10079731,PN-somato,noci 2nd_order PN,78,"array([0.64863333, 0.769225  ])"
190,18500988,left,14334367,pre-DN-SEZ,no official annotation,81,"array([0.59977753, 0.7638597 ])"
191,19786464,right,14329745,CN,no official annotation,74,"array([0.61654934, 0.76830887])"
192,4022539,right,17016974,MBON,MBON-m1; CN-62,82,"array([0.58566229, 0.79611751])"
193,8912726,,-1,,,0,"array([0.57627058, 0.74166178])"
194,4201020,right,9072237,PN-somato,FFN-8; proprio 2nd_order PN,69,"array([0.59477669, 0.75603551])"
195,16758011,,-1,,,0,"array([0.57321331, 0.77571374])"
196,8184598,right,16464284,CN,no official annotation,74,"array([0.62707663, 0.79967808])"
197,7980189,right,11600886,CN,CN-24,82,"array([0.5954577 , 0.79679744])"
198,7540581,left,5516552,MB-FBN,FBN-13; mechano-Ch 2nd_order PN,64,"array([0.58592124, 0.77202663])"
199,14071449,left,13953546,CN,no official annotation,76,"array([0.59926852, 0.7879636 ])"
200,6188181,right,17110007,pre-DN-VNC,no official annotation,85,"array([0.58258762, 0.71987117])"
201,9252296,left,4201555,MB-FBN,FB2N-10; proprio 2nd_order PN,69,"array([0.58391838, 0.77544025])"
202,10784285,,-1,,,0,"array([0.58784774, 0.7406221 ])"
203,6611100,right,17276867,CN,CN-41,81,"array([0.59894328, 0.78242308])"
204,8864778,,-1,,,0,"array([0.60195574, 0.79379601])"
205,15605297,,-1,,,0,"array([0.57481964, 0.76284909])"
206,11303036,left,15823055,pre-DN-VNC,no official annotation,84,"array([0.62111051, 0.73779013])"
207,4201555,right,9252296,MB-FBN,FB2N-10; proprio 2nd_order PN,69,"array([0.56995406, 0.77283277])"
208,6298455,left,6193472,pre-DN-VNC,no official annotation,74,"array([0.61205624, 0.77719942])"
209,16913476,right,10017944,pre-DN-VNC,no official annotation,78,"array([0.58112967, 0.74234938])"
210,9251793,left,4190567,MB-FBN,FBN-20,69,"array([0.5786831 , 0.76842795])"
211,12670738,left,17847543,MB-FFN,FFN-31,47,"array([0.64503338, 0.79425152])"
212,16884962,right,11007420,DN-SEZ,no official annotation,22,"array([0.56093638, 0.83733181])"
213,17698681,right,1924051,DN-SEZ,no official annotation,13,"array([0.50157024, 0.96572797])"
214,13849557,left,6143930,pre-DN-VNC,no official annotation,22,"array([0.59973406, 0.84307587])"
215,3913629,right,12498338,LHN,LHN-14; CN-50,32,"array([0.59577921, 0.82619391])"
216,19054481,right,17351780,DN-SEZ,no official annotation,5,"array([0.5354781 , 0.91086826])"
217,13803032,right,5453333,LHN,LHN-15; CN-51,32,"array([0.59455913, 0.82274039])"
218,15481779,right,16445073,pre-DN-VNC,no official annotation,77,"array([0.62423452, 0.78298951])"
219,11841664,left,5856647,pre-DN-VNC,no official annotation,87,"array([0.61379963, 0.73760124])"
220,12598741,left,15706875,pre-DN-VNC,no official annotation,87,"array([0.60567827, 0.72845116])"
221,17854345,right,13743125,MB-FBN,CN-31; FBN-26; noci 2nd_order PN,74,"array([0.61890918, 0.77202335])"
222,9057043,right,9423829,MB-FBN,FBN-11,90,"array([0.60750674, 0.73786044])"
223,19045334,left,9585036,LHN,no official annotation,47,"array([0.61814292, 0.8178996 ])"
224,17357979,right,10964258,pre-DN-VNC,PL-13,91,"array([0.61171906, 0.75396471])"
225,9034378,right,9239759,pre-DN-VNC,no official annotation,78,"array([0.62516472, 0.7487087 ])"
226,17173852,right,16327998,pre-DN-VNC,no official annotation,87,"array([0.61075512, 0.71777541])"
227,17484564,,-1,,,0,"array([0.60354992, 0.72387635])"
228,15995958,left,18080008,pre-DN-VNC,no official annotation,89,"array([0.58093205, 0.726027  ])"
229,8271875,right,15539984,pre-DN-VNC,no official annotation,85,"array([0.60807907, 0.74286288])"
230,16910799,right,7700444,pre-DN-VNC,no official annotation,91,"array([0.61234046, 0.75827154])"
231,10682660,left,16856539,MB-FBN,FBN-22,87,"array([0.60570254, 0.73474573])"
232,18551732,left,8161148,pre-DN-VNC,no official annotation,92,"array([0.63036664, 0.73264644])"
233,11468088,left,4188325,pre-DN-VNC,no official annotation,87,"array([0.60201055, 0.69771988])"
234,17435815,right,9235545,pre-DN-VNC,no official annotation,85,"array([0.60215195, 0.7149329 ])"
235,15800115,right,9237734,pre-DN-VNC,no official annotation,84,"array([0.59749893, 0.73404449])"
236,10234576,left,19090042,pre-DN-VNC,no official annotation,78,"array([0.61231317, 0.74990232])"
237,16471422,right,18566361,pre-DN-VNC,no official annotation,85,"array([0.60774431, 0.76026062])"
238,11476614,left,18084995,MB-FBN,FB2N-20,91,"array([0.64343588, 0.74866808])"
239,16709072,right,9714476,pre-DN-VNC,no official annotation,85,"array([0.61244591, 0.74374167])"
240,9767705,,-1,,,0,"array([0.57570755, 0.76647164])"
241,10716080,left,3595837,DN-VNC,no official annotation,52,"array([0.68160573, 0.82278966])"
242,10922928,left,3149791,pre-DN-VNC,no official annotation,50,"array([0.67811849, 0.81076514])"
243,3598000,right,10728318,DN-VNC,no official annotation,52,"array([0.6887561 , 0.80164682])"
244,3149791,right,10922928,pre-DN-VNC,no official annotation,50,"array([0.68387173, 0.80598594])"
245,16283590,,-1,,,0,"array([0.6761795 , 0.87865113])"
246,4127926,right,5745110,pre-DN-VNC,no official annotation,48,"array([0.67696729, 0.83156941])"
247,18597845,,-1,,,0,"array([0.63836347, 0.73072294])"
248,3814853,right,2439067,LHN,LHN-8,43,"array([0.63932907, 0.8678726 ])"
249,16353832,right,17295912,MBIN,MBIN-b2,57,"array([0.61085854, 0.81896329])"
250,18058644,left,8939384,PN-somato,noci 2nd_order PN,52,"array([0.69676333, 0.83109874])"
251,14073503,left,5669107,CN,no official annotation,79,"array([0.61661194, 0.79956632])"
252,20443457,right,15623649,PN,FB2N-12; gustatory-pharyngeal 2nd_order PN,79,"array([0.62375772, 0.81842431])"
253,12049797,,-1,,,0,"array([0.62729653, 0.79632609])"
254,15623649,left,20443457,PN,FB2N-12; gustatory-pharyngeal 2nd_order PN,79,"array([0.62393207, 0.81399537])"
255,16475849,left,16823703,MB-FBN,CN-25; FAN-12,64,"array([0.59484771, 0.80991041])"
256,7594047,right,15588620,MB-FBN,FBN-5,79,"array([0.60265578, 0.81909218])"
257,15253921,left,4598109,MBON,MBON-f1,64,"array([0.5869121 , 0.86658286])"
258,14158399,left,17784367,MB-FBN,FB2N-21,79,"array([0.60570377, 0.80163513])"
259,12928099,left,15474790,CN,no official annotation,85,"array([0.61156002, 0.76108099])"
260,15662776,right,15974183,CN,PL-8,69,"array([0.57545285, 0.78545983])"
261,17177103,left,17177115,MB-FFN,FFN-22,66,"array([0.63083824, 0.81003793])"
262,19271710,right,3945246,LN,FB2N-6,73,"array([0.63029298, 0.83303518])"
263,14034311,left,5976168,DN-SEZ,no official annotation,66,"array([0.63652489, 0.84111637])"
264,8700125,left,7897051,LN,no official annotation,25,"array([0.65694554, 0.92417402])"
265,17414715,left,8247641,LN,no official annotation,25,"array([0.65239626, 0.92181718])"
266,8111135,left,7555968,PN,Vision PN 1; vPN; visual 2nd_order PN,38,"array([0.63223412, 0.8803646 ])"
267,7694589,left,8271034,LN,no official annotation,52,"array([0.65713375, 0.92961068])"
268,8398900,,-1,,,0,"array([0.61651961, 0.88607658])"
269,19102929,left,15668869,PN-somato,mechano-Ch 2nd_order PN,18,"array([0.72236224, 0.84848922])"
270,17777259,right,5762666,LHN,noci 2nd_order PN; mechano-Ch 2nd_order PN,26,"array([0.70543214, 0.83524733])"
271,14338439,left,8805777,PN-somato,noci 2nd_order PN,26,"array([0.7027041 , 0.87358997])"
272,15656826,,-1,,,0,"array([0.72773942, 0.84119749])"
273,5762666,left,17777259,LHN,noci 2nd_order PN; mechano-Ch 2nd_order PN,26,"array([0.7141661 , 0.84860182])"
274,8257672,right,11455472,ascending,unknown modality,23,"array([0.74695091, 0.80869545])"
275,5767836,,-1,,,0,"array([0.74611488, 0.8724529 ])"
276,16485518,left,9621307,PN-somato,noci 2nd_order PN,18,"array([0.74504036, 0.86712726])"
277,10831005,right,5030808,LN,no official annotation,10,"array([0.55139218, 0.86768742])"
278,3827211,right,3464773,sensory,olfactory,1,"array([0.53306354, 0.89625798])"
279,8198513,right,7941642,LN,no official annotation,10,"array([0.54503613, 0.87686535])"
280,15746421,right,15716934,sensory,gustatory-external,3,"array([0.54115934, 0.85158501])"
281,15595950,right,15714639,sensory,gustatory-external,3,"array([0.5446479 , 0.85531627])"
282,2582391,right,2611805,sensory,olfactory,2,"array([0.52793769, 0.88323867])"
283,7527710,left,4073353,sensory,olfactory,1,"array([0.52731475, 0.87400131])"
284,5291791,left,8199671,LN,no official annotation,10,"array([0.53929521, 0.86673439])"
285,7542938,left,3885215,sensory,olfactory,1,"array([0.53678718, 0.87080747])"
286,7941642,left,8198513,LN,no official annotation,10,"array([0.5430929 , 0.86571333])"
287,6791927,left,3790004,sensory,olfactory,1,"array([0.53098526, 0.85844966])"
288,6143930,right,13849557,pre-DN-VNC,no official annotation,22,"array([0.59573355, 0.84315442])"
289,3410499,left,2608843,sensory,olfactory,1,"array([0.51722991, 0.88299579])"
290,3464773,left,3827211,sensory,olfactory,1,"array([0.51217707, 0.86443249])"
291,3465659,left,3840345,sensory,olfactory,1,"array([0.52399003, 0.87742031])"
292,3592997,left,3865952,sensory,olfactory,2,"array([0.51579488, 0.85772428])"
293,3547397,left,2571761,sensory,olfactory,2,"array([0.51254071, 0.88023416])"
294,3716797,left,3963891,sensory,olfactory,1,"array([0.53208215, 0.87471583])"
295,3774568,left,3980315,sensory,olfactory,1,"array([0.53626734, 0.87706438])"
296,3954014,right,40045,sensory,olfactory,2,"array([0.52923985, 0.89202714])"
297,3865952,right,3592997,sensory,olfactory,2,"array([0.52596951, 0.88871526])"
298,3840345,right,3465659,sensory,olfactory,1,"array([0.54498177, 0.88316087])"
299,3885215,right,7542938,sensory,olfactory,1,"array([0.54141211, 0.88087815])"
300,7719547,right,3158543,sensory,olfactory,2,"array([0.53860707, 0.89437242])"
301,8199671,right,5291791,LN,no official annotation,10,"array([0.54912293, 0.86673977])"
302,3896629,right,3694515,sensory,olfactory,2,"array([0.52240382, 0.89085019])"
303,3893195,right,3410506,sensory,olfactory,2,"array([0.52870609, 0.86534378])"
304,7600311,right,8102935,LN,no official annotation,10,"array([0.55505172, 0.88541313])"
305,3958234,right,3511996,sensory,olfactory,1,"array([0.53155126, 0.87951092])"
306,3980315,right,3774568,sensory,olfactory,1,"array([0.54684735, 0.89395641])"
307,3985829,right,2610744,sensory,thermo-warm,2,"array([0.5175581 , 0.87271156])"
308,4338596,left,15652529,sensory,gustatory-external,3,"array([0.57373364, 0.91114644])"
309,4073353,right,7527710,sensory,olfactory,1,"array([0.54830018, 0.89013057])"
310,7394271,left,8231264,LN,no official annotation,10,"array([0.55459365, 0.87727278])"
311,2571761,right,3547397,sensory,olfactory,2,"array([0.52779942, 0.89651235])"
312,3963891,right,3716797,sensory,olfactory,1,"array([0.54353318, 0.88766353])"
313,15689373,left,15588691,sensory,gustatory-external,3,"array([0.53485351, 0.89225623])"
314,15714639,left,15595950,sensory,gustatory-external,3,"array([0.52061418, 0.83712577])"
315,13968203,right,11195708,DN-SEZ,no official annotation,15,"array([0.55469301, 0.86510367])"
316,15716934,left,15746421,sensory,gustatory-external,3,"array([0.53216352, 0.84458325])"
317,2610744,left,3985829,sensory,thermo-warm,2,"array([0.51886191, 0.87749035])"
318,2608843,right,3410499,sensory,olfactory,1,"array([0.52324158, 0.89638359])"
319,8273369,left,4247099,LN,no official annotation,10,"array([0.55527087, 0.88225406])"
320,17356450,left,17355872,DN-SEZ,no official annotation,15,"array([0.55664506, 0.83531067])"
321,4023881,right,5093516,sensory,thermo-warm,2,"array([0.51709574, 0.89153142])"
322,15589362,right,15716094,sensory,gustatory-external,5,"array([0.56888573, 0.92765057])"
323,15673925,left,15615776,sensory,gustatory-external,5,"array([0.50534521, 0.88136103])"
324,8198416,right,7941652,LN,_broad D1,10,"array([0.55241613, 0.87535551])"
325,3790004,right,6791927,sensory,olfactory,1,"array([0.53095112, 0.88771733])"
326,3813723,right,5090549,sensory,olfactory,2,"array([0.53300397, 0.88411299])"
327,5247102,right,10555409,LN,no official annotation,10,"array([0.56283556, 0.88832895])"
328,7658146,right,3771794,sensory,olfactory,2,"array([0.52281064, 0.8723488 ])"
329,4076389,right,6340439,sensory,olfactory,2,"array([0.53466466, 0.88796624])"
330,8231264,right,7394271,LN,no official annotation,10,"array([0.56161109, 0.89197797])"
331,2584838,right,3768025,sensory,olfactory,2,"array([0.53380837, 0.86240085])"
332,8132513,,-1,,,0,"array([0.59671406, 0.76540431])"
333,5516552,right,7540581,MB-FBN,FBN-13; mechano-Ch 2nd_order PN,64,"array([0.58084444, 0.77481848])"
334,17336347,right,18412747,PN-somato,proprio 2nd_order PN,69,"array([0.59094212, 0.74705147])"
335,15741865,left,6290724,MB-FBN,CN-32; FBN-10,82,"array([0.59722377, 0.81108941])"
336,6290724,right,15741865,MB-FBN,CN-32; FBN-10,82,"array([0.59075563, 0.80741983])"
337,14000746,left,16699958,MB-FBN,CN-33; FAN-7,82,"array([0.59858732, 0.79987591])"
338,9965610,,-1,,,0,"array([0.59124411, 0.76919701])"
339,9870483,left,12935696,CN,PL-12,85,"array([0.60926075, 0.75711327])"
340,9612903,left,17535542,pre-DN-SEZ,no official annotation,85,"array([0.59098482, 0.72450864])"
341,4227831,,-1,,,0,"array([0.58511739, 0.7791216 ])"
342,17110007,left,6188181,pre-DN-VNC,no official annotation,85,"array([0.59385227, 0.72289661])"
343,15539984,left,8271875,pre-DN-VNC,no official annotation,85,"array([0.61660857, 0.74340727])"
344,20151537,left,12474815,pre-DN-VNC,no official annotation,78,"array([0.6450509 , 0.76777125])"
345,8370111,right,10323628,PN,respiratory 2nd_order PN,76,"array([0.6148897 , 0.78057161])"
346,2670619,right,6604203,DN-SEZ,no official annotation,52,"array([0.71518434, 0.81852272])"
347,7422253,right,2979675,pre-DN-VNC,no official annotation,48,"array([0.67931303, 0.85135203])"
348,18639459,right,8253620,pre-DN-VNC,no official annotation,46,"array([0.67689081, 0.83513467])"
349,7467027,right,14519756,pre-DN-VNC,no official annotation,46,"array([0.66750427, 0.8584067 ])"
350,17437719,right,10209260,MB-FBN,FBN-18,47,"array([0.62879441, 0.83126024])"
351,8697453,right,10982951,PN-somato,noci 2nd_order PN,18,"array([0.72224458, 0.84130801])"
352,9241349,right,6633635,PN-somato,noci 2nd_order PN; mechano-Ch 2nd_order PN,27,"array([0.71471889, 0.84409703])"
353,17324637,,-1,,,0,"array([0.66300327, 0.8638348 ])"
354,18655517,right,18656202,PN-somato,noci 2nd_order PN,18,"array([0.71890489, 0.83752121])"
355,20278329,right,11719626,PN-somato,mechano-Ch 2nd_order PN,18,"array([0.72858823, 0.83727233])"
356,2911847,right,10714526,PN-somato,mechano-Ch 2nd_order PN,18,"array([0.73712562, 0.8491247 ])"
357,10660512,,-1,,,0,"array([0.73303536, 0.83371014])"
358,9621307,right,16485518,PN-somato,noci 2nd_order PN,18,"array([0.71831435, 0.84226132])"
359,1137946,right,19919566,PN-somato,mechano-Ch 2nd_order PN,18,"array([0.71947393, 0.8499401 ])"
360,1805406,,-1,,,0,"array([0.73765652, 0.84123302])"
361,20443505,,-1,,,0,"array([0.76097802, 0.82894638])"
362,2885630,right,2910892,PN-somato,mechano-Ch 2nd_order PN,14,"array([0.7481375 , 0.85134578])"
363,17019327,right,11409587,CN,mechano-II/III 2nd_order PN,61,"array([0.60884774, 0.84093277])"
364,9287906,right,5091874,MB-FBN,FB2N-15,66,"array([0.63791581, 0.85219743])"
365,11528017,right,12233237,MB-FBN,FB2N-1,67,"array([0.60568409, 0.84486779])"
366,11409587,left,17019327,CN,mechano-II/III 2nd_order PN,61,"array([0.60706   , 0.83913093])"
367,16848475,left,17980792,MB-FBN,FB2N-17,66,"array([0.61893005, 0.84825188])"
368,15566333,left,15568333,CN,PL-6,61,"array([0.60259959, 0.8446395 ])"
369,17425996,right,12667895,PN-somato,noci 2nd_order PN,47,"array([0.64896855, 0.84629874])"
370,17360076,left,15655801,pre-DN-VNC,no official annotation,52,"array([0.69272374, 0.87161687])"
371,8712361,right,17150791,MB-FBN,CN-10; FAN-2,64,"array([0.60230365, 0.83321155])"
372,3814651,left,15732471,LHN,no official annotation,56,"array([0.61886886, 0.8669496 ])"
373,17423412,left,13038489,LHN,no official annotation,56,"array([0.61376776, 0.85498652])"
374,17434825,left,16485079,LN,Multiglomerular PN 4; LHN-11; CN-47,32,"array([0.59159906, 0.84602033])"
375,3044500,left,6317793,DN-SEZ,no official annotation,66,"array([0.66633556, 0.81892484])"
376,17096642,left,16751955,MB-FFN,FFN-28,67,"array([0.61134033, 0.87070555])"
377,5745110,left,4127926,pre-DN-VNC,no official annotation,48,"array([0.68952491, 0.84162991])"
378,20812872,,-1,,,0,"array([0.70673542, 0.87244263])"
379,7719118,right,11037238,LHN,noci 2nd_order PN,46,"array([0.69684488, 0.81939205])"
380,5030808,left,10831005,LN,no official annotation,10,"array([0.5544858 , 0.87178124])"
381,3410506,left,3893195,sensory,olfactory,2,"array([0.51675299, 0.86281355])"
382,4116174,right,10865025,DN-SEZ,FFN-39,10,"array([0.56674307, 0.8886636 ])"
383,3768025,left,2584838,sensory,olfactory,2,"array([0.53721955, 0.88157712])"
384,7941652,left,8198416,LN,_broad D1,10,"array([0.54452234, 0.86217161])"
385,17844900,left,18598859,LN,no official annotation,22,"array([0.56606688, 0.87360456])"
386,6340439,left,4076389,sensory,olfactory,2,"array([0.52273588, 0.86361173])"
387,3694515,left,3896629,sensory,olfactory,2,"array([0.5210655 , 0.85773138])"
388,3708875,left,3872653,sensory,olfactory,2,"array([0.52635536, 0.86881737])"
389,10555409,left,5247102,LN,no official annotation,10,"array([0.55177113, 0.8803517 ])"
390,4247099,right,8273369,LN,no official annotation,10,"array([0.56515955, 0.89255456])"
391,15681740,left,15589411,sensory,gustatory-external,3,"array([0.54996411, 0.91067394])"
392,17351780,left,19054481,DN-SEZ,no official annotation,5,"array([0.54928877, 0.89716333])"
393,9761454,right,3814701,DN-SEZ,no official annotation,38,"array([0.61943183, 0.86132271])"
394,10865025,left,4116174,DN-SEZ,FFN-39,10,"array([0.55801026, 0.89374259])"
395,8274021,left,11051276,LN,no official annotation,10,"array([0.55797248, 0.87076452])"
396,3511996,left,3958234,sensory,olfactory,1,"array([0.53141768, 0.87085293])"
397,40045,left,3954014,sensory,olfactory,2,"array([0.52392656, 0.88116721])"
398,8102935,left,7600311,LN,no official annotation,10,"array([0.54558476, 0.87210498])"
399,3966683,right,3586984,sensory,gustatory-external,3,"array([0.56684848, 0.92201059])"
400,3158543,left,7719547,sensory,olfactory,2,"array([0.52046197, 0.8846609 ])"
401,3814701,left,9761454,DN-SEZ,no official annotation,38,"array([0.6240629 , 0.86148153])"
402,15674262,left,15556081,sensory,gustatory-external,3,"array([0.57549767, 0.90217109])"
403,8055671,left,5448622,sensory,gustatory-external,5,"array([0.493755  , 0.89280669])"
404,12260696,left,15615589,sensory,gustatory-external,3,"array([0.56415537, 0.91730809])"
405,8198238,right,8311264,LN,no official annotation,10,"array([0.547756  , 0.87947548])"
406,6220384,right,11821320,PN,gustatory-external 2nd_order PN,3,"array([0.52697032, 0.85234558])"
407,11051276,right,8274021,LN,no official annotation,10,"array([0.5648878 , 0.88427008])"
408,17068730,,-1,,,0,"array([0.56930738, 0.84043415])"
409,3805641,right,8877795,LN,no official annotation,1,"array([0.56804052, 0.89757423])"
410,3872653,right,3708875,sensory,olfactory,2,"array([0.53330901, 0.90040466])"
411,4017089,right,5116147,sensory,gustatory-external,4,"array([0.50788425, 0.92729602])"
412,15588691,right,15689373,sensory,gustatory-external,3,"array([0.55785739, 0.89816733])"
413,15506094,right,15995929,sensory,gustatory-pharyngeal,4,"array([0.54833456, 0.92619946])"
414,9585036,right,19045334,LHN,no official annotation,47,"array([0.62565824, 0.8212842 ])"
415,17295912,left,16353832,MBIN,MBIN-b2,57,"array([0.60892525, 0.82892263])"
416,12325227,left,9507904,PN-somato,FFN-29; noci 2nd_order PN,43,"array([0.66353752, 0.85377607])"
417,16799809,,-1,,,0,"array([0.67596526, 0.84539958])"
418,13369670,right,14434314,LHN,no official annotation,53,"array([0.61998775, 0.84306924])"
419,4101295,right,17776906,LN,no official annotation,28,"array([0.59567655, 0.87151487])"
420,8253413,right,7107433,PN,45b PN; uPN; olfactory 2nd_order PN,12,"array([0.55772653, 0.86003828])"
421,12842593,right,11853038,PN,gustatory-external 2nd_order PN; gustatory-pharyngeal 2nd_order PN,35,"array([0.60653527, 0.86756971])"
422,8254894,right,8012953,PN,Unknown PN 2; gustatory-external 2nd_order PN,17,"array([0.59340644, 0.88163448])"
423,15639216,left,15639331,pre-DN-SEZ,no official annotation,35,"array([0.6395726 , 0.85386083])"
424,16318521,right,12478620,PN,gustatory-pharyngeal 2nd_order PN,64,"array([0.59599877, 0.85131893])"
425,3009700,right,3048606,DN-VNC,no official annotation,50,"array([0.69223443, 0.8442266 ])"
426,4393350,right,17360254,PN-somato,noci 2nd_order PN,18,"array([0.72348422, 0.82555403])"
427,1141813,right,16490014,PN-somato,noci 2nd_order PN,14,"array([0.73738306, 0.8017361 ])"
428,11263687,left,6692908,PN-somato,noci 2nd_order PN,18,"array([0.72436054, 0.85363768])"
429,8821758,right,17729424,PN-somato,noci 2nd_order PN,14,"array([0.74216718, 0.8159332 ])"
430,11813287,right,16058860,KC,KC,30,"array([0.55340991, 0.81492291])"
431,17897298,,-1,,,0,"array([0.74179706, 0.82956353])"
432,10725068,right,16059134,pre-DN-VNC,no official annotation,27,"array([0.72459376, 0.83339734])"
433,8313802,,-1,,,0,"array([0.72108944, 0.83042134])"
434,10683313,right,11717001,PN-somato,mechano-Ch 2nd_order PN,18,"array([0.73336621, 0.8420525 ])"
435,16472086,left,16433177,PN-somato,mechano-Ch 2nd_order PN,26,"array([0.69094923, 0.85951198])"
436,16666673,right,12367135,pre-DN-VNC,no official annotation,14,"array([0.75431389, 0.81805146])"
437,3235409,,-1,,,0,"array([0.65983998, 0.86796008])"
438,9422291,right,17165621,PN-somato,noci 2nd_order PN; mechano-Ch 2nd_order PN,27,"array([0.71144897, 0.8465774 ])"
439,9530532,right,16594752,PN-somato,noci 2nd_order PN,26,"array([0.70002667, 0.82897451])"
440,2881070,right,20343986,PN-somato,noci 2nd_order PN,18,"array([0.71237191, 0.82746493])"
441,19857577,right,12366224,pre-DN-VNC,no official annotation,23,"array([0.73825729, 0.81143647])"
442,17360042,,-1,,,0,"array([0.6914586 , 0.86731343])"
443,17588623,,-1,,,0,"array([0.67799336, 0.87017935])"
444,15023987,right,9822593,pre-DN-VNC,no official annotation,26,"array([0.69551535, 0.86178976])"
445,20106468,,-1,,,0,"array([0.70743911, 0.86766742])"
446,17827115,,-1,,,0,"array([0.67248448, 0.86731964])"
447,10739296,,-1,,,0,"array([0.71518617, 0.86445818])"
448,2842451,,-1,,,0,"array([0.72453141, 0.8511425 ])"
449,3844799,right,12617396,PN,gustatory-external 2nd_order PN; gustatory-pharyngeal 2nd_order PN,47,"array([0.62251633, 0.87970223])"
450,13045287,,-1,,,0,"array([0.60289164, 0.87251665])"
451,4346154,,-1,,,0,"array([0.61869474, 0.82442458])"
452,3272218,,-1,,,0,"array([0.65180374, 0.84003285])"
453,4515496,,-1,,,0,"array([0.62493383, 0.79026047])"
454,8711574,right,16100461,LHN,no official annotation,47,"array([0.62624021, 0.84406614])"
455,15409328,right,15590761,sensory,gustatory-pharyngeal,5,"array([0.59771447, 0.92052068])"
456,15638932,right,15686444,pre-DN-VNC,no official annotation,38,"array([0.64525649, 0.87053829])"
457,16260741,right,17696578,LHN,no official annotation,38,"array([0.62865502, 0.87734461])"
458,2920554,right,3820148,LN,PL-5,35,"array([0.63364461, 0.87030169])"
459,8813113,right,3946569,LHN,no official annotation,38,"array([0.63056356, 0.89831958])"
460,9792178,left,2920061,LN,PL-4,38,"array([0.62395828, 0.89232893])"
461,4679139,right,5261424,PN,mPN; mPN iACT A2; mPN; olfactory 2nd_order PN; gustatory-external 2nd_order PN; gustatory-pharyngeal 2nd_order PN,22,"array([0.60549601, 0.88459061])"
462,8812078,right,9971209,LN,no official annotation,22,"array([0.59302276, 0.89263952])"
463,13986477,right,14514597,LHN,LHN-5,38,"array([0.60949022, 0.86328105])"
464,17360593,right,17244655,LHN,no official annotation,28,"array([0.5972834 , 0.89828831])"
465,15998100,left,15458316,sensory,gustatory-pharyngeal,5,"array([0.57332202, 0.92978012])"
466,5326407,right,17315288,pre-DN-SEZ,no official annotation,69,"array([0.58548217, 0.78867142])"
467,17107661,right,8838927,MB-FFN,FFN-32,47,"array([0.64488992, 0.81893439])"
468,3251140,,-1,,,0,"array([0.72628024, 0.84732455])"
469,17223685,left,8880781,DN-VNC,no official annotation,18,"array([0.70277971, 0.85696288])"
470,11286854,left,8942413,PN-somato,mechano-Ch 2nd_order PN,14,"array([0.75882833, 0.86451985])"
471,17729424,left,8821758,PN-somato,noci 2nd_order PN,14,"array([0.75331939, 0.8686086 ])"
472,12366224,left,19857577,pre-DN-VNC,no official annotation,23,"array([0.7575831 , 0.83498909])"
473,2652641,,-1,,,0,"array([0.75054211, 0.8802968 ])"
474,19120853,right,4595609,ascending,mechano-II/III,56,"array([0.65622417, 0.88671474])"
475,11291344,right,3795424,sensory,respiratory,20,"array([0.66397023, 0.95434329])"
476,9503203,right,9835169,sensory,respiratory,51,"array([0.65151553, 0.93387552])"
477,10852875,right,8005609,sensory,respiratory,20,"array([0.68303365, 0.95367062])"
478,891237,right,19120772,sensory,respiratory,20,"array([0.72426521, 0.96147693])"
479,8311264,left,8198238,LN,no official annotation,10,"array([0.53915949, 0.8599933 ])"
480,2611805,left,2582391,sensory,olfactory,2,"array([0.53300117, 0.8664893 ])"
481,8877795,left,3805641,LN,no official annotation,1,"array([0.5510743, 0.8861683])"
482,5090549,left,3813723,sensory,olfactory,2,"array([0.52022685, 0.86751368])"
483,5093516,left,4023881,sensory,thermo-warm,2,"array([0.5062994 , 0.86320267])"
484,7939979,left,8198317,LN,no official annotation,10,"array([0.54568796, 0.8682874 ])"
485,3771794,left,7658146,sensory,olfactory,2,"array([0.52612205, 0.86069202])"
486,12882387,left,7563413,LN,no official annotation,3,"array([0.54759573, 0.90188718])"
487,11745381,left,15653432,sensory,gustatory-external,3,"array([0.56690849, 0.90302033])"
488,7939890,left,6557581,LN,no official annotation,10,"array([0.54009971, 0.86286779])"
489,11821320,left,6220384,PN,gustatory-external 2nd_order PN,3,"array([0.51851187, 0.85041787])"
490,5116147,left,4017089,sensory,gustatory-external,4,"array([0.49145468, 0.88196101])"
491,15615589,right,12260696,sensory,gustatory-external,3,"array([0.59330036, 0.92081352])"
492,3199456,right,3054101,sensory,gustatory-pharyngeal,3,"array([0.57905931, 0.92229372])"
493,9753530,right,17140424,CN,no official annotation,64,"array([0.60641887, 0.84187923])"
494,15653432,right,11745381,sensory,gustatory-external,3,"array([0.5778601 , 0.93149868])"
495,16259595,left,8246081,PN,67b PN; uPN; olfactory 2nd_order PN,12,"array([0.56514604, 0.84831198])"
496,4876704,,-1,,,0,"array([0.56961443, 0.83700035])"
497,12813847,right,17361757,LHN,CN-27,47,"array([0.63633523, 0.82145512])"
498,16795524,right,16795838,PN,mPN; mPN iACT bilateral UPPER; Multiglomerular PN 1; mPN; olfactory 2nd_order PN; thermo-warm 2nd_order PN,10,"array([0.56604149, 0.85879914])"
499,13858797,right,14333495,LHN,LHN-9; CN-45,32,"array([0.60283399, 0.82831481])"
500,13986583,right,6494274,LHN,LHN-1,38,"array([0.6114178 , 0.86652503])"
501,11210000,right,8238322,LHN,LHN-2,41,"array([0.60912346, 0.86888436])"
502,18644088,right,21300466,pre-DN-SEZ,no official annotation,62,"array([0.64802316, 0.81848305])"
503,11178891,right,16486385,LN,LHN-10; CN-46,32,"array([0.588878  , 0.85066201])"
504,17980792,right,16848475,MB-FBN,FB2N-17,66,"array([0.62532639, 0.84680319])"
505,11018254,left,15480928,MB-FBN,CN-13; FBN-6,75,"array([0.6196661 , 0.83376419])"
506,17658927,,-1,,,0,"array([0.64534626, 0.84073433])"
507,11714576,right,7168356,pre-DN-VNC,no official annotation,22,"array([0.61672488, 0.84548515])"
508,15605987,right,5118060,LHN,mechano-Ch 2nd_order PN,43,"array([0.64602016, 0.85018875])"
509,7313896,left,8135412,MB-FFN,FFN-19,38,"array([0.64304694, 0.83840864])"
510,13038489,right,17423412,LHN,no official annotation,56,"array([0.61884901, 0.85642656])"
511,3913613,right,11782821,LN,no official annotation,32,"array([0.6021991 , 0.83996719])"
512,9747710,right,3991518,PN,Thermo PN 3; tPN; thermo-cold 2nd_order PN,17,"array([0.56021558, 0.8853134 ])"
513,7026287,left,7980369,MB-FBN,FBN-23,75,"array([0.59289594, 0.80935237])"
514,9428865,left,13674287,pre-DN-VNC,no official annotation,66,"array([0.62235364, 0.82747325])"
515,5321459,left,10809383,MB-FBN,CN-43; FBN-14,64,"array([0.5987087 , 0.81660105])"
516,12356747,left,19857573,MB-FFN,FFN-11,53,"array([0.6113447 , 0.83485177])"
517,11051740,left,7421507,MB-FFN,FFN-13,53,"array([0.61377173, 0.84079871])"
518,10163418,right,8877158,MBON,MBON-a1,59,"array([0.57293908, 0.79937609])"
519,8864785,left,4617479,MB-FBN,FBN-7,79,"array([0.62110636, 0.80107635])"
520,2966602,left,12704069,MB-FBN,CN-21; FBN-4,75,"array([0.59777609, 0.83723559])"
521,16978882,left,14127447,MB-FFN,FFN-15,77,"array([0.62482567, 0.82662019])"
522,4620453,right,-1,LN,no official annotation,17,"array([0.55915357, 0.88823208])"
523,3690921,right,4154421,PN,Thermo PN 4; tPN; thermo-cold 2nd_order PN,17,"array([0.54298579, 0.89193608])"
524,8932110,,-1,,,0,"array([0.60150378, 0.87548381])"
525,4152020,,-1,,,0,"array([0.57071619, 0.87054905])"
526,9275210,right,12948470,LN,Thermo PN 1; Thermo PN 6,28,"array([0.57039621, 0.88741989])"
527,2776773,right,7582412,LN,no official annotation,28,"array([0.5883141 , 0.89946764])"
528,9291437,right,16474159,LHN,no official annotation,38,"array([0.58533634, 0.82992709])"
529,6451332,left,3538129,PN,mPN; mPN D; mPN; olfactory 2nd_order PN,22,"array([0.5935106 , 0.86228003])"
530,8509987,right,-1,KC,KC,49,"array([0.53494807, 0.8266674 ])"
531,8246081,right,16259595,PN,67b PN; uPN; olfactory 2nd_order PN,12,"array([0.57176619, 0.85781421])"
532,8419602,right,-1,KC,KC,42,"array([0.54577528, 0.82592922])"
533,8244823,right,4493199,PN,13a PN; uPN; olfactory 2nd_order PN,12,"array([0.56149975, 0.8549749 ])"
534,5836163,right,16630264,KC,KC,30,"array([0.5516379 , 0.80782249])"
535,5836206,right,-1,KC,KC,30,"array([0.56325261, 0.8133841 ])"
536,9766793,right,-1,KC,KC,30,"array([0.5558735 , 0.81704219])"
537,10259967,right,-1,KC,KC,42,"array([0.54824082, 0.83319806])"
538,8245014,right,7864823,PN,59a PN; uPN; olfactory 2nd_order PN,12,"array([0.55023498, 0.85389971])"
539,11279244,right,7515491,PN,49a PN; uPN; olfactory 2nd_order PN,12,"array([0.57385675, 0.86439097])"
540,3622234,right,3420915,PN,FFN-18; gustatory-pharyngeal 2nd_order PN; gut 2nd_order PN,54,"array([0.63430164, 0.92003219])"
541,6445994,left,3436420,DN-SEZ,no official annotation,83,"array([0.63805153, 0.92169268])"
542,15541944,right,1011675,sensory,gustatory-pharyngeal,52,"array([0.65343195, 0.91636724])"
543,12335381,right,18440675,DN-SEZ,no official annotation,5,"array([0.57682949, 0.969113  ])"
544,858479,right,8154054,DN-SEZ,no official annotation,20,"array([0.56355026, 0.99968668])"
545,15574231,right,1395971,sensory,gut,63,"array([0.63443703, 0.97151532])"
546,11639192,right,10059655,DN-SEZ,no official annotation,83,"array([0.61549907, 0.90922565])"
547,3707204,,-1,,,0,"array([0.60051102, 0.85295579])"
548,17525174,right,11003707,LN,no official annotation,53,"array([0.60449062, 0.86985576])"
549,5322337,left,6219781,LN,no official annotation,3,"array([0.54348267, 0.90182388])"
550,8198317,right,7939979,LN,no official annotation,10,"array([0.54954086, 0.87261637])"
551,3806573,right,8877971,LN,no official annotation,10,"array([0.55472252, 0.88986616])"
552,6557581,right,7939890,LN,no official annotation,10,"array([0.54964742, 0.8761493 ])"
553,18598859,right,17844900,LN,no official annotation,22,"array([0.57081706, 0.87985775])"
554,16795838,left,16795524,PN,mPN; mPN iACT bilateral UPPER; Multiglomerular PN 1; mPN; olfactory 2nd_order PN; thermo-warm 2nd_order PN,10,"array([0.56690474, 0.85651444])"
555,11184236,right,5327961,PN,gustatory-external 2nd_order PN,3,"array([0.5362093 , 0.84792438])"
556,8877971,left,3806573,LN,no official annotation,10,"array([0.54978403, 0.8831199 ])"
557,3299214,right,15421363,MBON,MBON-j1,57,"array([0.57582481, 0.81752187])"
558,7688300,right,9078240,pre-DN-VNC,no official annotation,61,"array([0.58597352, 0.8499296 ])"
559,10056280,right,-1,KC,KC,30,"array([0.56843634, 0.80981682])"
560,6703240,right,15398730,MBON,MBON-n1,64,"array([0.58062491, 0.82099909])"
561,5051342,right,8262302,KC,KC,30,"array([0.56451043, 0.81033818])"
562,15974183,left,15662776,CN,PL-8,69,"array([0.56300527, 0.77606952])"
563,7612147,right,11257084,LHN,LHN-20; CN-56,64,"array([0.60447777, 0.82026712])"
564,8310087,right,12138418,LHN,CN-15,53,"array([0.59645694, 0.8347571 ])"
565,16720240,right,4117305,KC,KC,36,"array([0.56479988, 0.81962743])"
566,9064208,left,5934511,MB-FBN,FBN-19,81,"array([0.58849696, 0.76738314])"
567,4227544,right,-1,KC,KC,39,"array([0.57208969, 0.81079835])"
568,15590555,right,15594113,pre-DN-SEZ,no official annotation,76,"array([0.63286197, 0.81317597])"
569,9062992,left,8792477,MB-FBN,FBN-21,81,"array([0.58303861, 0.76384297])"
570,9287199,,-1,,,0,"array([0.57924773, 0.85156971])"
571,4230061,right,11725127,KC,KC,30,"array([0.5549765 , 0.80916439])"
572,4414184,right,4414163,MBIN,DAN-j1,57,"array([0.56373106, 0.82491107])"
573,9796812,right,16977881,KC,KC,30,"array([0.56117938, 0.81004687])"
574,8347907,left,5503982,pre-DN-VNC,no official annotation,52,"array([0.6952906 , 0.78301521])"
575,17379420,right,10411574,DN-VNC,CN-28; PL-17,62,"array([0.6483067 , 0.78476392])"
576,4214582,right,7053966,CN,no official annotation,75,"array([0.61310512, 0.80371965])"
577,17278502,,-1,,,0,"array([0.63661972, 0.847636  ])"
578,12746220,,-1,,,0,"array([0.58684421, 0.83374184])"
579,13674287,right,9428865,pre-DN-VNC,no official annotation,66,"array([0.62881898, 0.82539007])"
580,8307514,right,4379603,LHN,no official annotation,53,"array([0.58787287, 0.86301498])"
581,9238937,left,9103732,MB-FBN,FAN-10,81,"array([0.59202555, 0.77326566])"
582,9527333,left,13210358,MB-FBN,FB2N-19,66,"array([0.64615303, 0.84396768])"
583,15068806,right,16985194,PN-somato,mechano-Ch 2nd_order PN,55,"array([0.62016228, 0.78344354])"
584,17300165,left,9848760,MB-FBN,FAN-5,79,"array([0.61010302, 0.80598598])"
585,20443544,,-1,,,0,"array([0.66791277, 0.8127073 ])"
586,3756659,right,4260935,PN,Thermo PN 5; tPN; thermo-cold 2nd_order PN,28,"array([0.57938292, 0.87714733])"
587,19276024,right,11146422,PN,gustatory-external 2nd_order PN,38,"array([0.59537413, 0.8893832 ])"
588,16361363,left,13953184,pre-DN-SEZ,no official annotation,71,"array([0.62454298, 0.78657265])"
589,7053966,left,4214582,CN,no official annotation,75,"array([0.61058935, 0.79852817])"
590,15607335,right,15605301,pre-DN-SEZ,no official annotation,67,"array([0.6424285 , 0.81818938])"
591,15770140,,-1,,,0,"array([0.62333896, 0.79568794])"
592,5484314,,-1,,,0,"array([0.58839769, 0.83127943])"
593,15825861,,-1,,,0,"array([0.57603038, 0.82878882])"
594,4408397,left,4199033,MB-FBN,FAN-8,81,"array([0.59483769, 0.78077717])"
595,9848760,right,17300165,MB-FBN,FAN-5,79,"array([0.60948186, 0.80849085])"
596,9015745,left,9583435,MB-FFN,FFN-14,61,"array([0.60534437, 0.83408407])"
597,8078096,left,4514494,MB-FBN,CN-44; FAN-3,64,"array([0.59465092, 0.81659998])"
598,4473922,right,14540633,MB-FBN,CN-36; FAN-4; PL-9,64,"array([0.59589297, 0.80065457])"
599,8980589,right,16223537,MBON,MBON-c1; CN-59,59,"array([0.59294086, 0.81265387])"
600,16987409,right,14260575,MB-FBN,FAN-9,74,"array([0.60814949, 0.778458  ])"
601,4195012,right,8798010,MBON,MBON-h1; MBON-h2,59,"array([0.56683579, 0.79542802])"
602,4241237,right,7055857,MBON,MBON-d1,59,"array([0.57164149, 0.7876504 ])"
603,7055857,left,4241237,MBON,MBON-d1,59,"array([0.56632544, 0.77953685])"
604,8798010,left,4195012,MBON,MBON-h1; MBON-h2,59,"array([0.56594318, 0.79066271])"
605,4241192,right,16039470,KC,KC,30,"array([0.54769218, 0.81330639])"
606,4229950,right,8118474,KC,KC,40,"array([0.56081285, 0.82725264])"
607,8068173,right,8262372,KC,KC,40,"array([0.56343639, 0.8309596 ])"
608,7786053,right,16629788,KC,KC,30,"array([0.56407711, 0.82253217])"
609,16630024,left,-1,KC,KC,42,"array([0.54329231, 0.80575529])"
610,4381129,left,15404207,MBIN,MBIN-l1,57,"array([0.56791282, 0.78436668])"
611,3886356,left,5966099,MBIN,DAN-d1,57,"array([0.57474113, 0.79628928])"
612,16977881,left,9796812,KC,KC,30,"array([0.55992744, 0.78802938])"
613,15618614,right,14342744,CN,no official annotation,80,"array([0.61590935, 0.75113793])"
614,17663944,right,11022546,pre-DN-VNC,no official annotation,89,"array([0.61680457, 0.70573041])"
615,4185530,right,16856369,PN-somato,proprio 2nd_order PN,89,"array([0.61383394, 0.68827735])"
616,16327998,left,17173852,pre-DN-VNC,no official annotation,87,"array([0.62480264, 0.71818066])"
617,15732503,right,16545113,pre-DN-VNC,no official annotation,87,"array([0.62553831, 0.71513314])"
618,15732509,right,4324567,pre-DN-VNC,no official annotation,87,"array([0.62037783, 0.69952097])"
619,14680483,right,14617508,pre-DN-VNC,CN-34,77,"array([0.64125661, 0.77411866])"
620,15334461,right,17732791,DN-SEZ,no official annotation,44,"array([0.57888423, 0.86687683])"
621,15732485,right,16547268,pre-DN-SEZ,no official annotation,80,"array([0.63289666, 0.75597434])"
622,14039007,right,17075832,DN-VNC,no official annotation,86,"array([0.60366882, 0.73175746])"
623,16561429,right,16856617,LN,no official annotation,89,"array([0.62464422, 0.68130796])"
624,4188290,left,5010581,DN-VNC,no official annotation,71,"array([0.67260243, 0.87126963])"
625,16676038,left,13645610,DN-SEZ,no official annotation,71,"array([0.67682921, 0.80093863])"
626,9424902,left,3027876,DN-SEZ,no official annotation,73,"array([0.63997514, 0.82198335])"
627,3620633,right,3946166,DN-VNC,no official annotation,66,"array([0.65126963, 0.85629555])"
628,15577444,,-1,,,0,"array([0.64368821, 0.82839431])"
629,17352470,right,7338309,DN-SEZ,no official annotation,83,"array([0.6561084 , 0.90141639])"
630,14162492,,-1,,,0,"array([0.63414717, 0.86119981])"
631,3450751,left,10160250,PN,mPN; Multiglomerular PN 5; olfactory 2nd_order PN; gustatory-external 2nd_order PN,22,"array([0.5994027 , 0.82437536])"
632,4152272,right,8052161,MB-FBN,FB2N-14,69,"array([0.58223447, 0.75702457])"
633,15524629,,-1,,,0,"array([0.57289567, 0.7398924 ])"
634,16797672,right,7802210,MBON,MBON-i1,59,"array([0.56899739, 0.79941316])"
635,4598363,right,4401350,MBON,MBON-g1,59,"array([0.55188913, 0.78937336])"
636,11524047,right,5395823,MBON,MBON-g2,59,"array([0.55677023, 0.79007659])"
637,15721919,left,-1,KC,KC,30,"array([0.55376041, 0.79661952])"
638,16630385,left,-1,KC,KC,30,"array([0.55719408, 0.79619455])"
639,16630264,left,5836163,KC,KC,30,"array([0.55409943, 0.79049138])"
640,6611894,right,7057894,MBIN,DAN-i1,57,"array([0.56919226, 0.81564698])"
641,8262503,left,-1,KC,KC,30,"array([0.55124913, 0.78500562])"
642,16627773,left,-1,KC,KC,33,"array([0.54255789, 0.80324053])"
643,16435965,left,-1,KC,KC,30,"array([0.55374469, 0.80298512])"
644,11691640,left,-1,KC,KC,49,"array([0.52286635, 0.80362932])"
645,8262372,left,8068173,KC,KC,40,"array([0.56985414, 0.81882157])"
646,3497901,right,-1,KC,KC,42,"array([0.54485129, 0.833195  ])"
647,4230749,right,8338584,MBON,MBON-h1; MBON-h2,59,"array([0.56074135, 0.79389713])"
648,4408369,,-1,,,0,"array([0.57320619, 0.78171575])"
649,4415241,right,12726582,KC,KC,40,"array([0.56777028, 0.82226243])"
650,7187384,left,3664102,KC,KC,40,"array([0.56706335, 0.81311232])"
651,4234016,right,16933362,MB-FFN,FFN-41,69,"array([0.60237305, 0.76892236])"
652,4134539,left,-1,KC,KC,39,"array([0.57080835, 0.7965177 ])"
653,12726582,left,4415241,KC,KC,40,"array([0.5590214 , 0.80304899])"
654,8704079,left,16735586,PN,mPN; mPN iACT B3; mPN; olfactory 2nd_order PN; gustatory-external 2nd_order PN,22,"array([0.58622952, 0.85536652])"
655,4324567,left,15732509,pre-DN-VNC,no official annotation,87,"array([0.59288318, 0.71594478])"
656,4324479,left,19950281,pre-DN-VNC,no official annotation,89,"array([0.58934851, 0.73603771])"
657,5856647,right,11841664,pre-DN-VNC,no official annotation,87,"array([0.59951902, 0.73663462])"
658,4311241,right,9961098,pre-DN-VNC,no official annotation,85,"array([0.57513179, 0.73123045])"
659,16851577,left,16950798,DN-VNC,no official annotation,87,"array([0.59910363, 0.70719176])"
660,5870071,left,4144377,MB-FBN,FBN-27,87,"array([0.58427702, 0.72241353])"
661,7563413,right,12882387,LN,no official annotation,3,"array([0.55320511, 0.9022451 ])"
662,15615042,right,15690093,sensory,gustatory-external,3,"array([0.56028113, 0.90715829])"
663,8118474,left,4229950,KC,KC,40,"array([0.5695853 , 0.81211428])"
664,16223537,left,8980589,MBON,MBON-c1; CN-59,59,"array([0.59715283, 0.80851024])"
665,8338584,left,4230749,MBON,MBON-h1; MBON-h2,59,"array([0.56307942, 0.7884892 ])"
666,4518546,left,-1,KC,KC,30,"array([0.56026817, 0.79698576])"
667,17355757,left,15617305,MBON,MBON-a2,59,"array([0.56956572, 0.78152476])"
668,15571194,left,3234817,LN,APL,57,"array([0.55584045, 0.81231557])"
669,8246750,right,7092417,PN,47a&33b PN; uPN; olfactory 2nd_order PN,12,"array([0.5574426 , 0.85555181])"
670,11525714,left,12805363,MBIN,OAN-g1,74,"array([0.60149148, 0.8072833 ])"
671,12199095,left,17435678,MB-FFN,FFN-35,80,"array([0.57892051, 0.7875082 ])"
672,6317793,right,3044500,DN-SEZ,no official annotation,66,"array([0.66240042, 0.81766908])"
673,17435678,right,12199095,MB-FFN,FFN-35,80,"array([0.58846479, 0.78841859])"
674,15690955,left,15617459,sensory,gustatory-external,9,"array([0.48972105, 0.73147638])"
675,17053270,left,5319633,DN-VNC,no official annotation,84,"array([0.62334591, 0.75644428])"
676,3979181,left,5794678,DN-VNC,no official annotation,91,"array([0.62499286, 0.77649255])"
677,3764792,right,5754346,DN-VNC,_telegoro-1,68,"array([0.67567102, 0.81402674])"
678,14077179,right,9083312,MB-FBN,FB2N-2,76,"array([0.62382842, 0.80481202])"
679,17776982,left,6554358,DN-SEZ,no official annotation,83,"array([0.66558423, 0.83256987])"
680,14539753,left,12962772,DN-SEZ,no official annotation,69,"array([0.61264778, 0.76633716])"
681,4507955,right,16972043,MB-FFN,FFN-36,88,"array([0.57745924, 0.73413541])"
682,10964258,left,17357979,pre-DN-VNC,PL-13,91,"array([0.61820254, 0.75254146])"
683,9480916,left,9077224,pre-DN-VNC,no official annotation,78,"array([0.63214732, 0.7475734 ])"
684,13743125,left,17854345,MB-FBN,CN-31; FBN-26; noci 2nd_order PN,74,"array([0.62158459, 0.76882601])"
685,16444754,,-1,,,0,"array([0.65267411, 0.75693665])"
686,15510288,left,6300434,MB-FFN,FFN-7,75,"array([0.61842674, 0.81441876])"
687,17176911,left,4575178,CN,CN-42,64,"array([0.5935897 , 0.80321036])"
688,17165286,,-1,,,0,"array([0.60818382, 0.8154368 ])"
689,8582134,left,8469124,LHN,no official annotation,55,"array([0.58795156, 0.82276624])"
690,15343835,left,4114133,MB-FBN,FB2N-9,53,"array([0.61169035, 0.84241279])"
691,5963873,left,4101621,LHN,no official annotation,53,"array([0.58869139, 0.8277413 ])"
692,9109799,left,9074101,MBON,MBON-d3,64,"array([0.58315594, 0.80255446])"
693,2667061,right,11011058,CN,FFN-2,55,"array([0.60744526, 0.8177738 ])"
694,14127447,right,16978882,MB-FFN,FFN-15,77,"array([0.62654323, 0.81592017])"
695,6300434,right,15510288,MB-FFN,FFN-7,75,"array([0.61546253, 0.81275253])"
696,17013169,right,16386470,LHN,no official annotation,53,"array([0.5823196 , 0.83196873])"
697,4575178,right,17176911,CN,CN-42,64,"array([0.58398345, 0.81470574])"
698,17913199,right,11003551,PN-somato,noci 2nd_order PN,81,"array([0.61103419, 0.7851878 ])"
699,4607160,,-1,,,0,"array([0.59441499, 0.85833555])"
700,9074101,right,9109799,MBON,MBON-d3,64,"array([0.58696225, 0.80867355])"
701,8559607,right,6704232,KC,KC,33,"array([0.55097897, 0.82067234])"
702,18538744,left,11362334,pre-DN-VNC,no official annotation,85,"array([0.60883313, 0.73492868])"
703,8802069,left,4665627,MB-FFN,FFN-9,69,"array([0.59534804, 0.74687119])"
704,14328512,,-1,,,0,"array([0.61772545, 0.74924178])"
705,14492757,left,14656798,pre-DN-VNC,no official annotation,78,"array([0.64677306, 0.76494742])"
706,16851718,left,9097065,pre-DN-VNC,no official annotation,92,"array([0.62787141, 0.72028527])"
707,16547252,,-1,,,0,"array([0.58840359, 0.70248684])"
708,8814524,left,17340973,PN-somato,proprio 2nd_order PN,72,"array([0.58587351, 0.71799896])"
709,9037152,right,17110024,PN-somato,PL-3; proprio 2nd_order PN,72,"array([0.58297284, 0.70258397])"
710,12935696,right,9870483,CN,PL-12,85,"array([0.59920902, 0.75620271])"
711,15556861,right,15315491,ascending,proprio,72,"array([0.59870146, 0.69402322])"
712,14726069,left,5805651,pre-DN-VNC,no official annotation,85,"array([0.63667693, 0.74577988])"
713,10918898,left,4228105,pre-DN-VNC,no official annotation,69,"array([0.57307052, 0.75083946])"
714,12832017,left,19091931,MB-FFN,FFN-16,64,"array([0.60490396, 0.78767585])"
715,14334367,right,18500988,pre-DN-SEZ,no official annotation,81,"array([0.60336883, 0.76294476])"
716,15488316,right,8540770,MB-FBN,FB2N-8,76,"array([0.6034284 , 0.80021417])"
717,10612094,left,12122924,MB-FBN,FBN-28; mechano-Ch 2nd_order PN,60,"array([0.62954908, 0.79462861])"
718,14329745,left,19786464,CN,no official annotation,74,"array([0.60831859, 0.76430559])"
719,10855798,right,2964760,pre-DN-VNC,no official annotation,44,"array([0.61348874, 0.80044363])"
720,16026677,left,14495367,CN,no official annotation,74,"array([0.60627099, 0.77046417])"
721,4234009,right,16883909,MBON,MBON-b3,59,"array([0.5890022 , 0.79562992])"
722,18412747,left,17336347,PN-somato,proprio 2nd_order PN,69,"array([0.59431347, 0.75157372])"
723,4190567,right,9251793,MB-FBN,FBN-20,69,"array([0.58236991, 0.76991365])"
724,14241490,left,16924423,pre-DN-VNC,no official annotation,84,"array([0.60064841, 0.72961486])"
725,3712893,left,11543212,PN,mPN; mPN iACT bilateral LOWER; Multiglomerular PN 2; mPN; olfactory 2nd_order PN; gustatory-external 2nd_order PN,22,"array([0.59032602, 0.8625883 ])"
726,9519425,right,16937395,pre-DN-VNC,no official annotation,85,"array([0.57156414, 0.735751  ])"
727,17897230,right,6623089,pre-DN-VNC,no official annotation,85,"array([0.64606075, 0.74571343])"
728,16886842,,-1,,,0,"array([0.58151132, 0.73712793])"
729,13953184,right,16361363,pre-DN-SEZ,no official annotation,71,"array([0.61768955, 0.78902294])"
730,16883909,left,4234009,MBON,MBON-b3,59,"array([0.57890218, 0.78347708])"
731,14495367,right,16026677,CN,no official annotation,74,"array([0.61046338, 0.76831834])"
732,13953546,right,14071449,CN,no official annotation,76,"array([0.5966351 , 0.78849792])"
733,16635345,left,5859372,pre-DN-VNC,no official annotation,84,"array([0.5997937 , 0.73967171])"
734,19046339,right,2988292,pre-DN-VNC,_Two-headed cobra,47,"array([0.64247929, 0.82278608])"
735,10229852,left,16347283,PN-somato,noci 2nd_order PN,78,"array([0.59635546, 0.74150345])"
736,15617305,right,17355757,MBON,MBON-a2,59,"array([0.56935874, 0.79352218])"
737,8993049,left,17867309,pre-DN-SEZ,no official annotation,74,"array([0.60407936, 0.7776842 ])"
738,3991518,left,9747710,PN,Thermo PN 3; tPN; thermo-cold 2nd_order PN,17,"array([0.56188544, 0.87932563])"
739,12336493,left,4983938,PN,gustatory-external 2nd_order PN,17,"array([0.58255147, 0.87123689])"
740,4635057,left,7971031,LHN,Thermo PN 1; Thermo PN 6,28,"array([0.57445839, 0.88020293])"
741,13564607,right,10581624,pre-DN-VNC,no official annotation,78,"array([0.62763102, 0.76404379])"
742,7700444,left,16910799,pre-DN-VNC,no official annotation,91,"array([0.62111605, 0.75546775])"
743,8065771,right,17038587,LHN,CN-29,47,"array([0.6478359 , 0.81369399])"
744,6193472,right,6298455,pre-DN-VNC,no official annotation,74,"array([0.61326679, 0.77218985])"
745,16852421,right,12935706,pre-DN-VNC,no official annotation,85,"array([0.6359603 , 0.74901677])"
746,5859372,right,16635345,pre-DN-VNC,no official annotation,84,"array([0.61334702, 0.74070567])"
747,4749004,left,17323054,pre-DN-VNC,no official annotation,91,"array([0.61391116, 0.71019293])"
748,9714476,left,16709072,pre-DN-VNC,no official annotation,85,"array([0.61249086, 0.73456236])"
749,16561284,left,17173922,PN-somato,noci 2nd_order PN,87,"array([0.62171559, 0.71877877])"
750,9423829,left,9057043,MB-FBN,FBN-11,90,"array([0.61000255, 0.74026455])"
751,16691937,right,9141404,MB-FBN,CN-37; FBN-2,82,"array([0.60107953, 0.77917768])"
752,17176819,right,17176808,MB-FFN,FFN-6,77,"array([0.63750602, 0.80397667])"
753,9583435,right,9015745,MB-FFN,FFN-14,61,"array([0.61113922, 0.83845622])"
754,15155348,right,12736001,pre-DN-VNC,no official annotation,86,"array([0.63950087, 0.75906562])"
755,4114133,right,15343835,MB-FBN,FB2N-9,53,"array([0.59287792, 0.82792023])"
756,3814175,right,16442113,LHN,FFN-3,61,"array([0.57852546, 0.84484283])"
757,4391978,right,2612527,PN,mPN; Multiglomerular PN 3; mPN; olfactory 2nd_order PN; gustatory-external 2nd_order PN; gustatory-pharyngeal 2nd_order PN,22,"array([0.59792945, 0.85417112])"
758,14319185,left,8565131,LHN,LHN-21; CN-57,32,"array([0.61593185, 0.82369026])"
759,4411505,left,-1,KC,KC,30,"array([0.56543455, 0.7997998 ])"
760,2568522,left,12612426,PN,gustatory-external 2nd_order PN,44,"array([0.61394666, 0.84391408])"
761,17743170,left,13858824,PN,PN; gustatory-external 2nd_order PN,22,"array([0.5811668 , 0.84863137])"
762,17036132,left,11157622,PN,gustatory-external 2nd_order PN,44,"array([0.61485575, 0.82104689])"
763,18566501,left,15588389,LHN,no official annotation,32,"array([0.63348687, 0.82856942])"
764,17036160,left,15547235,PN,gustatory-external 2nd_order PN,44,"array([0.61808775, 0.82115415])"
765,5746180,left,20443501,pre-DN-VNC,no official annotation,44,"array([0.6460662 , 0.82227921])"
766,14333495,left,13858797,LHN,LHN-9; CN-45,32,"array([0.60787411, 0.82104265])"
767,2988292,left,19046339,pre-DN-VNC,_Two-headed cobra,47,"array([0.63445041, 0.81623799])"
768,17952967,right,8203947,LHN,no official annotation,47,"array([0.63101111, 0.82906215])"
769,17557290,left,10946002,CN,no official annotation,44,"array([0.63295325, 0.82191393])"
770,8539175,left,13988443,CN,CN-40,47,"array([0.61036846, 0.81364885])"
771,16058860,left,11813287,KC,KC,30,"array([0.54625205, 0.80148459])"
772,8687096,left,9643439,pre-DN-VNC,no official annotation,31,"array([0.66462375, 0.83868278])"
773,4128002,right,5744058,PN-somato,noci 2nd_order PN,35,"array([0.64690501, 0.82781796])"
774,8012953,left,8254894,PN,Unknown PN 2; gustatory-external 2nd_order PN,17,"array([0.57817678, 0.86398533])"
775,16631114,left,9556700,KC,KC,30,"array([0.55535655, 0.80545904])"
776,7198338,left,8245869,PN,24a PN; uPN; olfactory 2nd_order PN,12,"array([0.55394994, 0.84520147])"
777,7865696,left,8252067,PN,1a PN; uPN; olfactory 2nd_order PN,12,"array([0.52966729, 0.83900647])"
778,7845346,left,8245513,PN,63a PN; uPN; olfactory 2nd_order PN,12,"array([0.55325434, 0.83943161])"
779,16444327,left,-1,KC,KC,30,"array([0.54991123, 0.80196474])"
780,7916593,left,8256186,PN,30a PN; uPN; olfactory 2nd_order PN; gustatory-external 2nd_order PN,12,"array([0.56793262, 0.84877423])"
781,7107433,left,8253413,PN,45b PN; uPN; olfactory 2nd_order PN,12,"array([0.55483531, 0.85043015])"
782,15722867,left,9609048,KC,KC,30,"array([0.54708975, 0.78580339])"
783,16630941,left,5835799,KC,KC,30,"array([0.5516657 , 0.79311095])"
784,7851153,left,8245146,PN,82a PN; uPN; olfactory 2nd_order PN,12,"array([0.51300228, 0.8351058 ])"
785,7864823,left,8245014,PN,59a PN; uPN; olfactory 2nd_order PN,12,"array([0.5488194 , 0.83947235])"
786,11691603,left,4444354,KC,KC,30,"array([0.55653015, 0.80057452])"
787,7852250,left,8247451,PN,45a PN; uPN; olfactory 2nd_order PN,12,"array([0.55636515, 0.84647525])"
788,16438190,left,-1,KC,KC,33,"array([0.54854605, 0.79504444])"
789,4354933,left,14604028,PN,85c PN; uPN; olfactory 2nd_order PN,12,"array([0.55728377, 0.84152584])"
790,13645610,right,16676038,DN-SEZ,no official annotation,71,"array([0.67328687, 0.82036921])"
791,16868923,left,17013073,MBON,MBON-o1; CN-60,64,"array([0.58285993, 0.81707917])"
792,3945246,left,19271710,LN,FB2N-6,73,"array([0.63621018, 0.83342958])"
793,5118060,left,15605987,LHN,mechano-Ch 2nd_order PN,43,"array([0.64656512, 0.85913737])"
794,8276782,left,4119387,PN,mPN; Multiglomerular PN 7; mPN; olfactory 2nd_order PN; gustatory-external 2nd_order PN; thermo-warm 2nd_order PN,32,"array([0.58194819, 0.84379981])"
795,11782821,left,3913613,LN,no official annotation,32,"array([0.6074315 , 0.85453837])"
796,8069478,right,11004239,LHN,LHN-17; CN-53,47,"array([0.62273699, 0.83355528])"
797,7582489,left,7977834,LHN,no official annotation,53,"array([0.58339322, 0.84663708])"
798,7388340,left,15606239,pre-DN-SEZ,no official annotation,66,"array([0.64712592, 0.83745687])"
799,12293334,,-1,,,0,"array([0.64990243, 0.85976328])"
800,13395814,left,17756162,pre-DN-SEZ,no official annotation,56,"array([0.64283707, 0.86744822])"
801,5091874,left,9287906,MB-FBN,FB2N-15,66,"array([0.63329323, 0.85311646])"
802,17361757,left,12813847,LHN,CN-27,47,"array([0.63976851, 0.8081862 ])"
803,5675990,left,15688523,pre-DN-VNC,no official annotation,58,"array([0.63836215, 0.79718748])"
804,1591270,right,15718981,pre-DN-VNC,no official annotation,31,"array([0.62231163, 0.83128897])"
805,7168356,left,11714576,pre-DN-VNC,no official annotation,22,"array([0.62927309, 0.87008796])"
806,8238322,left,11210000,LHN,LHN-2,41,"array([0.61306625, 0.8644872 ])"
807,12425856,left,13173311,PN,gustatory-pharyngeal 2nd_order PN,38,"array([0.62717653, 0.8887647 ])"
808,4260935,left,3756659,PN,Thermo PN 5; tPN; thermo-cold 2nd_order PN,28,"array([0.57504821, 0.8685073 ])"
809,9408003,,-1,,,0,"array([0.64244669, 0.8607616 ])"
810,8245692,right,7873135,PN,42b PN; uPN; olfactory 2nd_order PN,12,"array([0.5748539 , 0.85881823])"
811,15997645,left,15592696,sensory,gustatory-pharyngeal,4,"array([0.58778428, 0.92863369])"
812,4991243,left,8227502,DN-SEZ,no official annotation,4,"array([0.56594635, 0.93294862])"
813,3054101,left,3199456,sensory,gustatory-pharyngeal,3,"array([0.57039593, 0.93397228])"
814,15996518,left,3795498,sensory,gustatory-pharyngeal,5,"array([0.61077653, 0.94954325])"
815,16850888,right,-1,KC,KC,30,"array([0.55538022, 0.82052848])"
816,5836035,right,-1,KC,KC,30,"array([0.55415374, 0.82346063])"
817,3486381,left,8244723,PN,42a PN; uPN; olfactory 2nd_order PN,12,"array([0.56560513, 0.84301608])"
818,8480221,left,4324898,PN,mPN; mPN seahorse; mPN; olfactory 2nd_order PN,22,"array([0.6054393 , 0.86074019])"
819,15716701,left,15556868,sensory,gustatory-external,3,"array([0.56254201, 0.90308639])"
820,8177991,left,-1,KC,KC,33,"array([0.5370069 , 0.79544666])"
821,8262302,left,5051342,KC,KC,30,"array([0.5594213 , 0.79172286])"
822,20443571,right,16422727,pre-DN-VNC,no official annotation,71,"array([0.66687185, 0.79606557])"
823,15633329,,-1,,,0,"array([0.65965847, 0.84045832])"
824,17038587,left,8065771,LHN,CN-29,47,"array([0.64533763, 0.81632578])"
825,16070049,right,12476851,LHN,CN-1,32,"array([0.61090413, 0.85917277])"
826,4119387,right,8276782,PN,mPN; Multiglomerular PN 7; mPN; olfactory 2nd_order PN; gustatory-external 2nd_order PN; thermo-warm 2nd_order PN,32,"array([0.58614145, 0.84695112])"
827,8256186,right,7916593,PN,30a PN; uPN; olfactory 2nd_order PN; gustatory-external 2nd_order PN,12,"array([0.57452504, 0.85199119])"
828,4985759,left,9291474,LN,Thermo PN 2,17,"array([0.54964889, 0.85954366])"
829,11543212,right,3712893,PN,mPN; mPN iACT bilateral LOWER; Multiglomerular PN 2; mPN; olfactory 2nd_order PN; gustatory-external 2nd_order PN,22,"array([0.58756839, 0.85980823])"
830,12745771,left,2914206,LHN,no official annotation,28,"array([0.58616512, 0.89629513])"
831,4154421,left,3690921,PN,Thermo PN 4; tPN; thermo-cold 2nd_order PN,17,"array([0.54221833, 0.87052682])"
832,7439909,left,15531033,sensory,gustatory-pharyngeal,5,"array([0.58218628, 0.95958815])"
833,16059134,left,10725068,pre-DN-VNC,no official annotation,27,"array([0.723427  , 0.86306433])"
834,7503199,right,9589146,PN,mPN; mPN; olfactory 2nd_order PN; gustatory-external 2nd_order PN; gustatory-pharyngeal 2nd_order PN,22,"array([0.5988174 , 0.86240958])"
835,12156009,left,7020344,PN,Gustatory PN 3; gustatory-external 2nd_order PN,28,"array([0.59290897, 0.87795607])"
836,11717001,left,10683313,PN-somato,mechano-Ch 2nd_order PN,18,"array([0.72747217, 0.86626522])"
837,17244655,left,17360593,LHN,no official annotation,28,"array([0.60942047, 0.90647593])"
838,15652529,right,4338596,sensory,gustatory-external,3,"array([0.58152385, 0.92583451])"
839,8245869,right,7198338,PN,24a PN; uPN; olfactory 2nd_order PN,12,"array([0.564764  , 0.86311549])"
840,17356454,left,2557644,DN-SEZ,no official annotation,4,"array([0.54741952, 0.90633529])"
841,5507096,right,9421292,LHN,no official annotation,38,"array([0.59551405, 0.86461373])"
842,2914206,right,12745771,LHN,no official annotation,28,"array([0.57285258, 0.8845405 ])"
843,2932028,right,14333371,LHN,no official annotation,38,"array([0.59394263, 0.87564506])"
844,7865767,left,8243455,PN,83a PN; uPN; olfactory 2nd_order PN,12,"array([0.56262478, 0.85099501])"
845,2921933,right,4570270,LN,no official annotation,28,"array([0.56248457, 0.87525244])"
846,8138616,right,19611917,LHN,no official annotation,28,"array([0.56930647, 0.89394344])"
847,4127707,right,9747418,LHN,no official annotation,28,"array([0.57117788, 0.90183472])"
848,4102413,right,9445876,LN,no official annotation,38,"array([0.58506527, 0.88054492])"
849,10293348,right,4279887,LHN,no official annotation,28,"array([0.5589701 , 0.87447382])"
850,7971031,right,4635057,LHN,Thermo PN 1; Thermo PN 6,28,"array([0.5720994 , 0.89122656])"
851,3002410,right,4108016,PN,Thermo PN 7; tPN; thermo-cold 2nd_order PN,25,"array([0.53888634, 0.90387226])"
852,7421507,right,11051740,MB-FFN,FFN-13,53,"array([0.61656173, 0.85040723])"
853,16985194,left,15068806,PN-somato,mechano-Ch 2nd_order PN,55,"array([0.61994279, 0.77996805])"
854,9513911,,-1,,,0,"array([0.70299705, 0.79632167])"
855,17937986,right,18035063,pre-DN-VNC,no official annotation,71,"array([0.68292517, 0.77091656])"
856,1868538,right,10100020,pre-DN-VNC,no official annotation,62,"array([0.66380376, 0.81158389])"
857,17360225,right,17360286,pre-DN-VNC,no official annotation,14,"array([0.75346373, 0.82431923])"
858,21591037,right,11717014,pre-DN-VNC,no official annotation,14,"array([0.74467804, 0.82098514])"
859,3595837,right,10716080,DN-VNC,no official annotation,52,"array([0.66923365, 0.82486087])"
860,1961182,left,9177218,pre-DN-VNC,no official annotation,71,"array([0.67641195, 0.79361095])"
861,8572353,right,10872426,pre-DN-VNC,no official annotation,73,"array([0.65177847, 0.79896058])"
862,17324711,right,17087885,DN-SEZ,no official annotation,71,"array([0.64963664, 0.79651519])"
863,10922020,left,17123466,LHN,no official annotation,50,"array([0.69127398, 0.81989923])"
864,11248536,right,10955244,LHN,no official annotation,38,"array([0.63968465, 0.84963684])"
865,5946241,right,10282065,PN-somato,mechano-Ch 2nd_order PN,50,"array([0.67101145, 0.85808208])"
866,18248435,,-1,,,0,"array([0.64802539, 0.83393002])"
867,9234420,right,17728922,DN-SEZ,no official annotation,71,"array([0.67993325, 0.82940256])"
868,8571259,right,10600188,pre-DN-VNC,no official annotation,62,"array([0.66900042, 0.7789949 ])"
869,13365464,right,11329998,CN,no official annotation,66,"array([0.6340724 , 0.80980273])"
870,18527962,left,19508873,DN-VNC,no official annotation,44,"array([0.67554837, 0.79010935])"
871,15063529,,-1,,,0,"array([0.69030433, 0.83426203])"
872,6623049,left,17654634,LN,no official annotation,52,"array([0.68879819, 0.77445174])"
873,4664256,left,17326218,PN-somato,noci 2nd_order PN,31,"array([0.67009073, 0.81561588])"
874,6604203,left,2670619,DN-SEZ,no official annotation,52,"array([0.7096473 , 0.80545358])"
875,5657004,left,5134110,pre-DN-VNC,no official annotation,46,"array([0.69722109, 0.83565063])"
876,17223643,,-1,,,0,"array([0.71604866, 0.87758263])"
877,21136945,left,17654638,PN-somato,mechano-Ch 2nd_order PN,46,"array([0.68993162, 0.82948472])"
878,17654638,right,21136945,PN-somato,mechano-Ch 2nd_order PN,46,"array([0.69026848, 0.81441269])"
879,5691934,left,3862443,PN-somato,noci 2nd_order PN,46,"array([0.7014314 , 0.83646617])"
880,17729020,left,15684934,PN-somato,mechano-Ch 2nd_order PN,18,"array([0.71933819, 0.88029436])"
881,3848843,right,19101351,PN,gustatory-external 2nd_order PN,8,"array([0.61113482, 0.9124326 ])"
882,8159396,right,3539170,DN-SEZ,no official annotation,4,"array([0.58389743, 0.91550412])"
883,5480553,right,10202724,PN,FBN-3; gut 2nd_order PN,64,"array([0.60384114, 0.8663541 ])"
884,7802210,left,16797672,MBON,MBON-i1,59,"array([0.56881302, 0.80245388])"
885,6702830,left,-1,KC,KC,42,"array([0.54084333, 0.78697365])"
886,4401350,left,4598363,MBON,MBON-g1,59,"array([0.56023727, 0.78009827])"
887,16039470,left,4241192,KC,KC,30,"array([0.55863613, 0.80615588])"
888,7838405,right,-1,KC,KC,42,"array([0.54305259, 0.81797957])"
889,16627838,left,8413663,KC,KC,30,"array([0.55300795, 0.79958377])"
890,11725803,left,8066542,KC,KC,30,"array([0.55577767, 0.79408377])"
891,9556700,right,16631114,KC,KC,30,"array([0.55847765, 0.81895605])"
892,16627950,left,-1,KC,KC,49,"array([0.53263295, 0.81024728])"
893,5738449,right,12262910,MB-FBN,CN-38; FAN-6,75,"array([0.58213204, 0.8072204 ])"
894,5395823,left,11524047,MBON,MBON-g2,59,"array([0.55496718, 0.77901547])"
895,4414163,left,4414184,MBIN,DAN-j1,57,"array([0.56820291, 0.82588703])"
896,14034206,right,13749806,DN-VNC,no official annotation,71,"array([0.68016935, 0.83353002])"
897,15517247,left,16335254,pre-DN-VNC,no official annotation,31,"array([0.65674993, 0.84268965])"
898,15689046,left,8979434,pre-DN-SEZ,no official annotation,26,"array([0.69580723, 0.8497052 ])"
899,5755261,left,2846555,PN-somato,mechano-Ch 2nd_order PN,18,"array([0.71123742, 0.87291095])"
900,12299805,,-1,,,0,"array([0.65126972, 0.84923573])"
901,3486950,,-1,,,0,"array([0.56482449, 0.88065106])"
902,3539170,left,8159396,DN-SEZ,no official annotation,4,"array([0.56406598, 0.90768569])"
903,5900426,right,16952648,DN-VNC,no official annotation,88,"array([0.6562955 , 0.71177642])"
904,6154200,right,16952671,DN-VNC,no official annotation,88,"array([0.65922609, 0.72998984])"
905,15468308,left,17330632,CN,no official annotation,78,"array([0.63034326, 0.75056643])"
906,5937084,left,8850802,KC,KC,30,"array([0.5628484, 0.7988911])"
907,16131474,right,4393026,LHN,no official annotation,31,"array([0.67179965, 0.85342665])"
908,10617840,right,16492104,MB-FFN,FFN-40,66,"array([0.63047544, 0.84072939])"
909,11291653,left,8412625,PN-somato,noci 2nd_order PN,46,"array([0.69783246, 0.83952291])"
910,10768709,right,12299704,pre-DN-SEZ,no official annotation,67,"array([0.6442524 , 0.85671166])"
911,3276003,right,7557604,pre-DN-VNC,no official annotation,67,"array([0.63593552, 0.88485922])"
912,5545085,right,17729195,PN-somato,mechano-Ch 2nd_order PN,14,"array([0.74791339, 0.83233957])"
913,11037238,left,7719118,LHN,noci 2nd_order PN,46,"array([0.69666118, 0.82753795])"
914,4393049,right,11067379,PN,Gustatory PN 4; gustatory-external 2nd_order PN; gustatory-pharyngeal 2nd_order PN,17,"array([0.58490129, 0.87306759])"
915,5971400,,-1,,,0,"array([0.61182986, 0.83124988])"
916,5656152,,-1,,,0,"array([0.65850782, 0.82940252])"
917,14077615,right,8118947,MB-FBN,FBN-16,75,"array([0.59327588, 0.81885833])"
918,8075484,right,13197236,LN,FBN-17; CN-7,61,"array([0.59447897, 0.8389253 ])"
919,4379508,left,3794023,LHN,no official annotation,56,"array([0.61444507, 0.87541938])"
920,13950464,right,9503414,PN-somato,mechano-II/III 2nd_order PN,56,"array([0.61975504, 0.88509939])"
921,11234536,right,13199414,MB-FFN,FFN-20,66,"array([0.6196145 , 0.84590047])"
922,9503414,left,13950464,PN-somato,mechano-II/III 2nd_order PN,56,"array([0.61499079, 0.87256716])"
923,12262910,left,5738449,MB-FBN,CN-38; FAN-6,75,"array([0.58402975, 0.81059343])"
924,12424940,,-1,,,0,"array([0.60896274, 0.82667807])"
925,11605567,right,17927604,pre-DN-SEZ,no official annotation,56,"array([0.62570907, 0.86426099])"
926,7843730,left,8140109,PN,74a PN; uPN; olfactory 2nd_order PN,12,"array([0.56066316, 0.84209712])"
927,17545695,left,14154154,pre-DN-SEZ,mPN,22,"array([0.56075019, 0.86226241])"
928,6061068,,-1,,,0,"array([0.64365755, 0.86331875])"
929,3158123,left,15225589,LHN,no official annotation,56,"array([0.62219152, 0.87634568])"
930,11009492,left,17304269,DN-SEZ,no official annotation,71,"array([0.58306663, 0.82199553])"
931,3762317,right,3729496,DN-SEZ,no official annotation,63,"array([0.63903481, 0.90379555])"
932,12498338,left,3913629,LHN,LHN-14; CN-50,32,"array([0.5962555 , 0.81870513])"
933,5453333,left,13803032,LHN,LHN-15; CN-51,32,"array([0.58838018, 0.81870313])"
934,17732291,left,17659219,DN-SEZ,no official annotation,4,"array([0.51783381, 0.81906889])"
935,7515491,left,11279244,PN,49a PN; uPN; olfactory 2nd_order PN,12,"array([0.55039631, 0.84849595])"
936,7092086,,-1,,,0,"array([0.57320875, 0.83683241])"
937,5327961,left,11184236,PN,gustatory-external 2nd_order PN,3,"array([0.52443553, 0.84172811])"
938,18302665,right,8348277,pre-DN-VNC,no official annotation,37,"array([0.67189665, 0.87744238])"
939,5684940,left,7982324,DN-SEZ,no official annotation,52,"array([0.71051436, 0.79819861])"
940,10100020,left,1868538,pre-DN-VNC,no official annotation,62,"array([0.66219181, 0.80610094])"
941,16399845,right,17729110,LHN,no official annotation,50,"array([0.6667546 , 0.84930199])"
942,9421292,left,5507096,LHN,no official annotation,38,"array([0.60684302, 0.86347426])"
943,4570270,left,2921933,LN,no official annotation,28,"array([0.56808247, 0.87713481])"
944,4108016,left,3002410,PN,Thermo PN 7; tPN; thermo-cold 2nd_order PN,25,"array([0.55233969, 0.89328386])"
945,11123016,,-1,,,0,"array([0.58702094, 0.88258372])"
946,2123422,left,2784471,ascending,mechano-Ch,14,"array([0.77368709, 0.84909573])"
947,16015738,left,-1,KC,KC,42,"array([0.5356664 , 0.80488465])"
948,16629931,left,-1,KC,KC,33,"array([0.55006867, 0.80460455])"
949,6723364,left,10198121,PN-somato,noci 2nd_order PN,52,"array([0.70615173, 0.78343596])"
950,6729443,left,17937991,pre-DN-VNC,no official annotation,70,"array([0.70962934, 0.74238544])"
951,10319019,right,16356967,PN-somato,Tel10; noci 2nd_order PN,52,"array([0.69200767, 0.77786177])"
952,17165429,,-1,,,0,"array([0.68282261, 0.83149721])"
953,18035063,left,17937986,pre-DN-VNC,no official annotation,71,"array([0.67174094, 0.76260291])"
954,11105182,left,10158972,DN-SEZ,mPN,15,"array([0.575269  , 0.88713547])"
955,13313410,left,16586265,DN-SEZ,no official annotation,4,"array([0.57067126, 0.91998638])"
956,14437742,left,3806652,DN-SEZ,mPN,15,"array([0.55424269, 0.85563929])"
957,18087179,left,17587452,PN,gustatory-external 2nd_order PN,44,"array([0.58888858, 0.77440366])"
958,5108525,right,4555763,ascending,noci,23,"array([0.6933275 , 0.79353072])"
959,13380660,left,14517691,DN-SEZ,mPN,3,"array([0.56032476, 0.91683612])"
960,2628785,left,4311586,PN,LHN-19; CN-55; gustatory-external 2nd_order PN,22,"array([0.56865164, 0.84480446])"
961,17355745,left,16158918,DN-SEZ,no official annotation,4,"array([0.57273091, 0.89719715])"
962,11067379,left,4393049,PN,Gustatory PN 4; gustatory-external 2nd_order PN; gustatory-pharyngeal 2nd_order PN,17,"array([0.56403816, 0.85545613])"
963,3890028,right,12475432,MBIN,MBIN-e2,57,"array([0.57893591, 0.82424478])"
964,15568134,left,5973097,pre-DN-SEZ,no official annotation,66,"array([0.63038127, 0.84753561])"
965,17658884,right,9983417,pre-DN-VNC,no official annotation,53,"array([0.58129821, 0.85812239])"
966,11909406,right,11013351,LN,CN-11; FBN-12,61,"array([0.59831808, 0.84808634])"
967,13197236,left,8075484,LN,FBN-17; CN-7,61,"array([0.60082878, 0.83711964])"
968,13199414,left,11234536,MB-FFN,FFN-20,66,"array([0.62752298, 0.84120622])"
969,17177115,right,17177103,MB-FFN,FFN-22,66,"array([0.63499792, 0.79986097])"
970,12299621,left,8034919,LHN,CN-17,61,"array([0.60612563, 0.84902908])"
971,17176781,right,17176767,LN,FB2N-18,73,"array([0.61840052, 0.83955346])"
972,16445338,left,16350988,pre-DN-VNC,no official annotation,74,"array([0.6173292 , 0.77769877])"
973,11725127,left,4230061,KC,KC,30,"array([0.56390264, 0.7957234 ])"
974,5874480,,-1,,,0,"array([0.59247545, 0.8410665 ])"
975,8922644,left,8297018,MBON,MBON-e2,64,"array([0.57353474, 0.79376553])"
976,17379372,right,10018260,LHN,no official annotation,47,"array([0.64287446, 0.85034631])"
977,4127944,,-1,,,0,"array([0.66205601, 0.8938644 ])"
978,16735586,right,8704079,PN,mPN; mPN iACT B3; mPN; olfactory 2nd_order PN; gustatory-external 2nd_order PN,22,"array([0.59234127, 0.86549908])"
979,13806524,right,4433960,CN,no official annotation,47,"array([0.60253111, 0.82536477])"
980,11004239,left,8069478,LHN,LHN-17; CN-53,47,"array([0.62385681, 0.83588284])"
981,8347613,left,8349553,LHN,no official annotation,31,"array([0.65599849, 0.84953101])"
982,17360296,left,14757992,LN,no official annotation,58,"array([0.63263319, 0.7987596 ])"
983,11137808,right,8423405,LHN,CN-3,47,"array([0.62949493, 0.83595053])"
984,16457812,right,12424328,PN,gustatory-external 2nd_order PN; gustatory-pharyngeal 2nd_order PN,38,"array([0.61013584, 0.87848898])"
985,13358515,,-1,,,0,"array([0.67844111, 0.81782118])"
986,15638906,right,17360010,pre-DN-VNC,no official annotation,50,"array([0.67046495, 0.85080138])"
987,19143114,,-1,,,0,"array([0.6219246 , 0.86773572])"
988,17819985,right,12360656,PN,gustatory-external 2nd_order PN,44,"array([0.62314447, 0.85837551])"
989,7828725,right,-1,KC,KC,33,"array([0.54524186, 0.81165328])"
990,19611917,left,8138616,LHN,no official annotation,28,"array([0.59383572, 0.896834  ])"
991,12948470,left,9275210,LN,Thermo PN 1; Thermo PN 6,28,"array([0.58312321, 0.88841313])"
992,9747418,left,4127707,LHN,no official annotation,28,"array([0.5803835 , 0.89306168])"
993,9927082,left,7874184,PN,Pdf-LaNs; visual 2nd_order PN,25,"array([0.62613569, 0.93406089])"
994,2204467,left,2512602,PN,Pdf-LaNs; visual 2nd_order PN,25,"array([0.62380369, 0.92589758])"
995,15640893,right,7556564,sensory,gustatory-pharyngeal,5,"array([0.59019313, 0.93425624])"
996,14604028,right,4354933,PN,85c PN; uPN; olfactory 2nd_order PN,12,"array([0.566106  , 0.86513049])"
997,4411542,right,14071613,CN,CN-22,76,"array([0.60206348, 0.77552334])"
998,16945771,right,10949382,ascending,mechano-Ch,52,"array([0.63056103, 0.786133  ])"
999,16545179,left,14501257,pre-DN-VNC,no official annotation,58,"array([0.6480004 , 0.77961237])"
1000,17277623,left,10013517,PN,gustatory-external 2nd_order PN,44,"array([0.61139112, 0.78972225])"
1001,16547292,left,15732497,pre-DN-VNC,no official annotation,84,"array([0.60488804, 0.71698786])"
1002,16545101,left,4812481,pre-DN-VNC,no official annotation,65,"array([0.64214277, 0.71856938])"
1003,17173922,right,16561284,PN-somato,noci 2nd_order PN,87,"array([0.61494647, 0.72604115])"
1004,17356442,left,16443509,pre-DN-VNC,no official annotation,65,"array([0.63254367, 0.72178785])"
1005,16547287,left,5167842,pre-DN-VNC,no official annotation,88,"array([0.61737872, 0.68508868])"
1006,15894278,right,16562142,DN-VNC,no official annotation,84,"array([0.6026602 , 0.71082795])"
1007,15612283,,-1,,,0,"array([0.58443745, 0.74087276])"
1008,17013073,right,16868923,MBON,MBON-o1; CN-60,64,"array([0.58510848, 0.81929669])"
1009,6190181,right,8025665,pre-DN-VNC,no official annotation,85,"array([0.60266081, 0.73678141])"
1010,9072237,left,4201020,PN-somato,FFN-8; proprio 2nd_order PN,69,"array([0.58579037, 0.7567238 ])"
1011,7868195,right,-1,KC,KC,30,"array([0.5567868 , 0.82664097])"
1012,8689674,left,8319311,MBIN,MBIN-b1,57,"array([0.61268511, 0.82908503])"
1013,8995807,right,16435325,PN,gustatory-external 2nd_order PN,80,"array([0.59414941, 0.7896816 ])"
1014,16178283,right,11017761,MBON,MBON-p1; CN-61,82,"array([0.59817981, 0.79145559])"
1015,5560620,right,12479019,PN,FFN-17; gut 2nd_order PN,54,"array([0.60829148, 0.86549751])"
1016,19091931,right,12832017,MB-FFN,FFN-16,64,"array([0.60635282, 0.78278214])"
1017,5474852,left,17591442,LN,CN-5,41,"array([0.61440891, 0.85901544])"
1018,7873135,left,8245692,PN,42b PN; uPN; olfactory 2nd_order PN,12,"array([0.55864958, 0.85050291])"
1019,4311586,right,2628785,PN,LHN-19; CN-55; gustatory-external 2nd_order PN,22,"array([0.5752971 , 0.84489722])"
1020,9119558,left,10990803,PN,mPN; mPN; olfactory 2nd_order PN; gustatory-external 2nd_order PN,22,"array([0.5881619 , 0.87505155])"
1021,17696578,left,16260741,LHN,no official annotation,38,"array([0.646764  , 0.87792014])"
1022,8399890,left,4651929,PN,94a&94b PN; uPN; olfactory 2nd_order PN,12,"array([0.55967147, 0.84683099])"
1023,7555968,right,8111135,PN,Vision PN 1; vPN; visual 2nd_order PN,38,"array([0.57072516, 0.86494536])"
1024,8891315,right,-1,KC,KC,33,"array([0.55100732, 0.82909086])"
1025,5836387,right,-1,KC,KC,33,"array([0.5479992 , 0.81900203])"
1026,5836197,right,-1,KC,KC,30,"array([0.54950831, 0.81045783])"
1027,4414426,right,-1,KC,KC,33,"array([0.54034898, 0.81457404])"
1028,7840203,right,-1,KC,KC,33,"array([0.54361155, 0.81449534])"
1029,8244723,right,3486381,PN,42a PN; uPN; olfactory 2nd_order PN,12,"array([0.56663646, 0.85242732])"
1030,9897223,right,-1,KC,KC,34,"array([0.55001195, 0.82366839])"
1031,14071613,left,4411542,CN,CN-22,76,"array([0.5971775 , 0.77867191])"
1032,16545264,left,5164129,pre-DN-VNC,no official annotation,85,"array([0.62488532, 0.73806532])"
1033,12389097,left,15674269,MB-FFN,FFN-10,58,"array([0.57204285, 0.76921843])"
1034,15668497,,-1,,,0,"array([0.5629341 , 0.76444221])"
1035,8253620,left,18639459,pre-DN-VNC,no official annotation,46,"array([0.67303829, 0.84279336])"
1036,3060480,left,17380080,pre-DN-VNC,no official annotation,50,"array([0.68653409, 0.86527717])"
1037,14797760,left,15679639,PN-somato,mechano-Ch 2nd_order PN,27,"array([0.69486067, 0.86521476])"
1038,7934904,left,7935088,PN,35a PN; uPN; olfactory 2nd_order PN; gustatory-external 2nd_order PN; gustatory-pharyngeal 2nd_order PN,12,"array([0.57850661, 0.87292392])"
1039,8177199,right,7982896,LHN,no official annotation,32,"array([0.61611141, 0.85360471])"
1040,8069432,right,8542422,PN,LHN-22; CN-58; gustatory-external 2nd_order PN,22,"array([0.58881924, 0.84072695])"
1041,8413543,,-1,,,0,"array([0.77261159, 0.81792855])"
1042,21590962,,-1,,,0,"array([0.77809833, 0.82719935])"
1043,8069365,right,4721538,LHN,no official annotation,58,"array([0.62943051, 0.78848659])"
1044,11465297,,-1,,,0,"array([0.61413816, 0.78813308])"
1045,4433960,left,13806524,CN,no official annotation,47,"array([0.60592411, 0.80885768])"
1046,19880740,left,16223688,pre-DN-VNC,no official annotation,44,"array([0.64912002, 0.82125669])"
1047,8229118,right,21220994,PN-somato,noci 2nd_order PN; mechano-Ch 2nd_order PN,27,"array([0.71213396, 0.83234745])"
1048,15514582,left,8826198,PN-somato,noci 2nd_order PN,71,"array([0.65458357, 0.78741746])"
1049,9753494,right,18023286,pre-DN-VNC,no official annotation,71,"array([0.64483029, 0.7905822 ])"
1050,11073313,left,16347476,pre-DN-VNC,no official annotation,68,"array([0.68417481, 0.79092092])"
1051,14319498,left,17942676,LHN,no official annotation,47,"array([0.62678602, 0.81092286])"
1052,15861524,left,-1,KC,KC,42,"array([0.53528883, 0.79977593])"
1053,16629788,left,7786053,KC,KC,30,"array([0.5587382 , 0.78525703])"
1054,16629757,left,-1,KC,KC,33,"array([0.5462735 , 0.79710334])"
1055,5669107,right,14073503,CN,no official annotation,79,"array([0.61625375, 0.80575998])"
1056,9048462,left,10612630,MB-FFN,FFN-1,69,"array([0.60332166, 0.78058119])"
1057,10281116,left,10351681,MB-FFN,FFN-24,73,"array([0.63381647, 0.83177426])"
1058,17176927,right,7056904,pre-DN-SEZ,CN-30,64,"array([0.5891589 , 0.81281723])"
1059,16431065,,-1,,,0,"array([0.58715314, 0.78354041])"
1060,8838927,left,17107661,MB-FFN,FFN-32,47,"array([0.65210509, 0.8175146 ])"
1061,8319311,right,8689674,MBIN,MBIN-b1,57,"array([0.60183628, 0.82215691])"
1062,8065380,,-1,,,0,"array([0.64623479, 0.85310183])"
1063,4108720,right,16494105,LHN,no official annotation,38,"array([0.63327873, 0.87417328])"
1064,17980698,,-1,,,0,"array([0.62532761, 0.85879259])"
1065,17654617,right,5708994,PN,gustatory-external 2nd_order PN; gustatory-pharyngeal 2nd_order PN,31,"array([0.64291641, 0.88853767])"
1066,13858824,right,17743170,PN,PN; gustatory-external 2nd_order PN,22,"array([0.57971504, 0.85564881])"
1067,17360010,left,15638906,pre-DN-VNC,no official annotation,50,"array([0.66111717, 0.85546798])"
1068,16846805,left,18028397,MBON,MBON-k1,59,"array([0.58125929, 0.80075896])"
1069,14260575,left,16987409,MB-FBN,FAN-9,74,"array([0.60362286, 0.78470486])"
1070,16464284,left,8184598,CN,no official annotation,74,"array([0.61743769, 0.79283078])"
1071,4444354,right,11691603,KC,KC,30,"array([0.55843674, 0.80943789])"
1072,5835799,right,16630941,KC,KC,30,"array([0.55074223, 0.81385968])"
1073,12871993,left,4884579,MBIN,DAN-k1,57,"array([0.56506307, 0.80383597])"
1074,4884579,right,12871993,MBIN,DAN-k1,57,"array([0.56848697, 0.80554152])"
1075,8427677,right,-1,KC,KC,49,"array([0.524777  , 0.82943204])"
1076,8997281,right,-1,KC,KC,42,"array([0.53082026, 0.82395377])"
1077,4493199,left,8244823,PN,13a PN; uPN; olfactory 2nd_order PN,12,"array([0.56313789, 0.84555803])"
1078,12839441,left,17125520,LHN,LHN-18; CN-54,47,"array([0.61144096, 0.81615354])"
1079,8542422,left,8069432,PN,LHN-22; CN-58; gustatory-external 2nd_order PN,22,"array([0.59182119, 0.83115374])"
1080,9567051,left,9539868,PN,vPN; visual 2nd_order PN,32,"array([0.63515983, 0.8505202 ])"
1081,17147698,left,8094859,MBON,MBON-b1,59,"array([0.57894369, 0.81733761])"
1082,16782830,left,9469519,MBON,MBON-b2,59,"array([0.58017071, 0.81344454])"
1083,2568465,left,10167078,PN,mPN; mPN; olfactory 2nd_order PN; gustatory-external 2nd_order PN,32,"array([0.59195418, 0.82153091])"
1084,14898295,left,-1,KC,KC,33,"array([0.54157276, 0.80928325])"
1085,8513389,left,-1,KC,KC,33,"array([0.54916182, 0.79127314])"
1086,4097554,right,5088293,sensory,gustatory-external,4,"array([0.53578213, 0.85238093])"
1087,8884212,,-1,,,0,"array([0.63218641, 0.84997426])"
1088,9447255,left,16295025,LN,LHN-6,32,"array([0.60844362, 0.83265953])"
1089,8021456,left,13589251,PN,33a PN; uPN; olfactory 2nd_order PN,12,"array([0.5623373 , 0.86793037])"
1090,29,right,-1,KC,KC,42,"array([0.54156936, 0.83100235])"
1091,9525492,right,-1,KC,KC,33,"array([0.55258477, 0.83135533])"
1092,9813188,right,-1,KC,KC,33,"array([0.54490912, 0.82006162])"
1093,8274902,right,-1,KC,KC,33,"array([0.55317966, 0.82613974])"
1094,15683275,right,4780707,LHN,no official annotation,41,"array([0.61153195, 0.87453547])"
1095,9971209,left,8812078,LN,no official annotation,22,"array([0.63878546, 0.84600098])"
1096,8167696,left,7429933,pre-DN-VNC,no official annotation,48,"array([0.67905727, 0.86181675])"
1097,17354392,left,15636958,pre-DN-SEZ,no official annotation,31,"array([0.65848488, 0.85963335])"
1098,17729888,,-1,,,0,"array([0.63997928, 0.82785484])"
1099,19395500,,-1,,,0,"array([0.67341104, 0.83640975])"
1100,12371688,left,9811608,LHN,no official annotation,50,"array([0.67560125, 0.86011156])"
1101,16141217,left,13722516,LHN,no official annotation,37,"array([0.653046  , 0.88242259])"
1102,8698941,right,17732085,LHN,no official annotation,44,"array([0.64648502, 0.83084265])"
1103,3869488,right,8293958,PN,PN; tPN; gustatory-external 2nd_order PN; thermo-cold 2nd_order PN,28,"array([0.58030693, 0.88123677])"
1104,2775943,right,8118929,PN,Pdf-LaNs; visual 2nd_order PN,25,"array([0.54163434, 0.89722517])"
1105,17671219,right,4665186,LN,LHN-13; CN-49,32,"array([0.60272315, 0.85879397])"
1106,3820148,left,2920554,LN,PL-5,35,"array([0.64216744, 0.88141931])"
1107,2379529,left,3815483,LHN,no official annotation,38,"array([0.63266674, 0.8832612 ])"
1108,17513284,,-1,,,0,"array([0.65751042, 0.88331222])"
1109,9445876,left,4102413,LN,no official annotation,38,"array([0.59688864, 0.88571534])"
1110,14541927,left,4235139,MBIN,MBIN-e1,64,"array([0.59939186, 0.81908097])"
1111,12138418,left,8310087,LHN,CN-15,53,"array([0.60402801, 0.83132931])"
1112,2920061,right,9792178,LN,PL-4,38,"array([0.63115856, 0.88904676])"
1113,8347720,left,18302610,pre-DN-VNC,no official annotation,52,"array([0.67140449, 0.88119374])"
1114,14514597,left,13986477,LHN,LHN-5,38,"array([0.61682401, 0.86313981])"
1115,11146422,left,19276024,PN,gustatory-external 2nd_order PN,38,"array([0.59419877, 0.88637961])"
1116,16435325,left,8995807,PN,gustatory-external 2nd_order PN,80,"array([0.56989319, 0.76092479])"
1117,8801736,left,6049565,pre-DN-VNC,PL-14,65,"array([0.63697532, 0.72050891])"
1118,10382824,left,17297936,pre-DN-VNC,no official annotation,70,"array([0.65350682, 0.72240141])"
1119,19881737,left,2505266,PN-somato,proprio 2nd_order PN,72,"array([0.61807183, 0.70927569])"
1120,7865652,left,8248631,PN,22c PN; uPN; olfactory 2nd_order PN,12,"array([0.54987511, 0.84400772])"
1121,3709977,left,13789482,PN,Gustatory PN 2; gustatory-external 2nd_order PN; gustatory-pharyngeal 2nd_order PN,17,"array([0.57086582, 0.85244303])"
1122,4412036,left,-1,KC,KC,30,"array([0.56330058, 0.79278709])"
1123,4982172,right,-1,KC,KC,49,"array([0.5264813 , 0.82406874])"
1124,8835968,right,-1,KC,KC,42,"array([0.53996795, 0.82282742])"
1125,5019924,right,-1,KC,KC,30,"array([0.5574244 , 0.82285339])"
1126,8263140,left,-1,KC,KC,33,"array([0.55094149, 0.79737082])"
1127,7092417,left,8246750,PN,47a&33b PN; uPN; olfactory 2nd_order PN,12,"array([0.54512327, 0.84174777])"
1128,8865199,left,-1,KC,KC,33,"array([0.54279846, 0.79032795])"
1129,8263285,left,-1,KC,KC,33,"array([0.54602522, 0.78880463])"
1130,17147410,left,-1,KC,KC,34,"array([0.54366658, 0.79726456])"
1131,7983899,left,7616956,MBIN,OAN-e1,57,"array([0.57348556, 0.81387191])"
1132,5169587,,-1,,,0,"array([0.58509869, 0.80528956])"
1133,16386470,left,17013169,LHN,no official annotation,53,"array([0.58193372, 0.82564789])"
1134,9207332,left,8305958,LHN,no official annotation,53,"array([0.59139011, 0.85730922])"
1135,3587612,right,-1,KC,KC,33,"array([0.54664266, 0.82278052])"
1136,9847388,right,-1,KC,KC,42,"array([0.53776997, 0.82811579])"
1137,8924186,right,16939375,KC,KC,42,"array([0.52883815, 0.8201629 ])"
1138,3021609,right,17354414,pre-DN-VNC,no official annotation,62,"array([0.66678773, 0.7687923 ])"
1139,8939384,right,18058644,PN-somato,noci 2nd_order PN,52,"array([0.70741504, 0.81685881])"
1140,13411525,right,16937815,CN,no official annotation,62,"array([0.65448973, 0.76037737])"
1141,3945756,left,8566140,pre-DN-VNC,no official annotation,73,"array([0.66120983, 0.80189611])"
1142,14570370,,-1,,,0,"array([0.6750956 , 0.76404131])"
1143,8070872,left,12422147,pre-DN-SEZ,no official annotation,71,"array([0.67974326, 0.75435082])"
1144,13834125,right,16167914,pre-DN-VNC,no official annotation,62,"array([0.65890544, 0.76664827])"
1145,15431795,,-1,,,0,"array([0.67231196, 0.79089396])"
1146,16167914,left,13834125,pre-DN-VNC,no official annotation,62,"array([0.66670687, 0.7647104 ])"
1147,11891098,right,14638686,pre-DN-VNC,no official annotation,70,"array([0.68258058, 0.76130029])"
1148,16937799,left,17654991,pre-DN-VNC,PL-16,70,"array([0.69046101, 0.71550162])"
1149,13167730,right,19166349,pre-DN-VNC,no official annotation,68,"array([0.67259333, 0.77709564])"
1150,17746794,,-1,,,0,"array([0.68259846, 0.75241041])"
1151,1805418,right,5768240,pre-DN-SEZ,no official annotation,70,"array([0.66297055, 0.74465456])"
1152,17777981,left,16685117,pre-DN-VNC,no official annotation,62,"array([0.6385379, 0.778969 ])"
1153,8801715,left,19092010,pre-DN-VNC,no official annotation,86,"array([0.66409602, 0.74102727])"
1154,5898284,right,10355356,pre-DN-VNC,no official annotation,70,"array([0.66286238, 0.73379401])"
1155,20316708,left,19167389,pre-DN-VNC,no official annotation,70,"array([0.69272321, 0.73580444])"
1156,8565131,right,14319185,LHN,LHN-21; CN-57,32,"array([0.61835238, 0.82708774])"
1157,15829660,right,3650006,PN,gustatory-external 2nd_order PN; gustatory-pharyngeal 2nd_order PN,31,"array([0.63699933, 0.8992566 ])"
1158,15547235,right,17036160,PN,gustatory-external 2nd_order PN,44,"array([0.59933678, 0.83125151])"
1159,19156025,right,4274518,pre-DN-VNC,no official annotation,74,"array([0.6140133 , 0.76297698])"
1160,9577562,,-1,,,0,"array([0.6296235 , 0.80343994])"
1161,5606265,left,19718010,ascending,unknown modality,37,"array([0.62416377, 0.8419361 ])"
1162,17822238,right,8037197,LN,CN-2,32,"array([0.59403197, 0.83655359])"
1163,17942676,right,14319498,LHN,no official annotation,47,"array([0.62855982, 0.82231637])"
1164,17125520,right,12839441,LHN,LHN-18; CN-54,47,"array([0.60722288, 0.81185712])"
1165,7935088,right,7934904,PN,35a PN; uPN; olfactory 2nd_order PN; gustatory-external 2nd_order PN; gustatory-pharyngeal 2nd_order PN,12,"array([0.57734648, 0.8697918 ])"
1166,9469519,right,16782830,MBON,MBON-b2,59,"array([0.57467066, 0.83206498])"
1167,8094859,right,17147698,MBON,MBON-b1,59,"array([0.57952967, 0.83103285])"
1168,15680043,,-1,,,0,"array([0.64213462, 0.7952796 ])"
1169,15525858,right,15998768,sensory,gustatory-pharyngeal,5,"array([0.5767084 , 0.95577616])"
1170,16295025,right,9447255,LN,LHN-6,32,"array([0.58454689, 0.85174216])"
1171,18264509,right,10400440,CN,no official annotation,62,"array([0.63747402, 0.82471316])"
1172,10160250,right,3450751,PN,mPN; Multiglomerular PN 5; olfactory 2nd_order PN; gustatory-external 2nd_order PN,22,"array([0.59861935, 0.83967707])"
1173,8245513,right,7845346,PN,63a PN; uPN; olfactory 2nd_order PN,12,"array([0.57130431, 0.86208648])"
1174,8252067,right,7865696,PN,1a PN; uPN; olfactory 2nd_order PN,12,"array([0.56554569, 0.86925212])"
1175,8270683,right,8340950,PN,vPN; visual 2nd_order PN,32,"array([0.57312288, 0.84870145])"
1176,9539868,right,9567051,PN,vPN; visual 2nd_order PN,32,"array([0.59172527, 0.83404823])"
1177,17658943,,-1,,,0,"array([0.63287641, 0.84591237])"
1178,16486385,left,11178891,LN,LHN-10; CN-46,32,"array([0.5952709 , 0.85377114])"
1179,16485079,right,17434825,LN,Multiglomerular PN 4; LHN-11; CN-47,32,"array([0.59255064, 0.85130957])"
1180,5976168,right,14034311,DN-SEZ,no official annotation,66,"array([0.63905231, 0.83928968])"
1181,14519048,left,-1,KC,KC,33,"array([0.54274402, 0.79493847])"
1182,15673454,,-1,,,0,"array([0.56013909, 0.77205741])"
1183,13713529,right,2797480,pre-DN-VNC,no official annotation,58,"array([0.6022897 , 0.80503217])"
1184,9116228,right,16415910,pre-DN-VNC,no official annotation,73,"array([0.65430782, 0.79206964])"
1185,17629213,,-1,,,0,"array([0.67698555, 0.78639659])"
1186,10781924,right,16468935,pre-DN-VNC,no official annotation,62,"array([0.66638316, 0.80738102])"
1187,14501257,right,16545179,pre-DN-VNC,no official annotation,58,"array([0.65588587, 0.77920118])"
1188,13242336,,-1,,,0,"array([0.65884932, 0.79373174])"
1189,3232808,right,10961507,LHN,no official annotation,44,"array([0.63745422, 0.78868194])"
1190,15548844,right,15522152,DN-VNC,no official annotation,77,"array([0.63565884, 0.77579135])"
1191,4721087,,-1,,,0,"array([0.63330884, 0.78272802])"
1192,8127390,right,19017386,pre-DN-VNC,no official annotation,77,"array([0.63860171, 0.77588576])"
1193,19091995,left,18302931,pre-DN-VNC,no official annotation,70,"array([0.66262099, 0.7685369 ])"
1194,13084891,,-1,,,0,"array([0.6859598 , 0.75544927])"
1195,7130033,left,5996485,DN-SEZ,no official annotation,71,"array([0.6480825 , 0.84014431])"
1196,19268007,,-1,,,0,"array([0.65255349, 0.79393364])"
1197,5794678,right,3979181,DN-VNC,no official annotation,91,"array([0.61590161, 0.77486497])"
1198,15672269,right,14655602,pre-DN-VNC,no official annotation,71,"array([0.64350921, 0.80690611])"
1199,8979434,right,15689046,pre-DN-SEZ,no official annotation,26,"array([0.69150904, 0.83898316])"
1200,12882179,,-1,,,0,"array([0.73775195, 0.820972  ])"
1201,17867309,right,8993049,pre-DN-SEZ,no official annotation,74,"array([0.60204376, 0.79029136])"
1202,17315288,left,5326407,pre-DN-SEZ,no official annotation,69,"array([0.60161111, 0.78745393])"
1203,10929797,left,8198913,ascending,mechano-Ch,18,"array([0.74740217, 0.83787127])"
1204,14762026,right,9481869,PN-somato,mechano-Ch 2nd_order PN,27,"array([0.71077177, 0.85167783])"
1205,10990803,right,9119558,PN,mPN; mPN; olfactory 2nd_order PN; gustatory-external 2nd_order PN,22,"array([0.59036124, 0.87441634])"
1206,4665186,left,17671219,LN,LHN-13; CN-49,32,"array([0.58322719, 0.85451154])"
1207,20443598,right,12195879,PN-somato,noci 2nd_order PN,71,"array([0.67666677, 0.78242811])"
1208,3819859,,-1,,,0,"array([0.66539447, 0.88525017])"
1209,3043970,,-1,,,0,"array([0.63369644, 0.80324148])"
1210,12299647,,-1,,,0,"array([0.62155984, 0.81111882])"
1211,16474159,left,9291437,LHN,no official annotation,38,"array([0.61339034, 0.82645544])"
1212,10809383,right,5321459,MB-FBN,CN-43; FBN-14,64,"array([0.59730131, 0.82180387])"
1213,15048530,right,10345590,pre-DN-SEZ,no official annotation,66,"array([0.65614687, 0.82698668])"
1214,10872426,left,8572353,pre-DN-VNC,no official annotation,73,"array([0.65296268, 0.80131817])"
1215,10449035,left,17658948,pre-DN-VNC,no official annotation,71,"array([0.67263236, 0.79461371])"
1216,4230739,right,14898816,KC,KC,30,"array([0.56187928, 0.81876494])"
1217,9239759,left,9034378,pre-DN-VNC,no official annotation,78,"array([0.62550215, 0.74431136])"
1218,11871574,left,11102156,CN,no official annotation,74,"array([0.61902262, 0.7660014 ])"
1219,16937815,left,13411525,CN,no official annotation,62,"array([0.6520462 , 0.76981587])"
1220,9212816,right,9236708,CN,CN-23,62,"array([0.6281376 , 0.76841935])"
1221,4422289,left,11605861,LHN,no official annotation,47,"array([0.62715183, 0.8187277 ])"
1222,10875625,left,4067286,LHN,CN-26,58,"array([0.6431451 , 0.78395594])"
1223,15674282,right,11876076,pre-DN-VNC,no official annotation,89,"array([0.62765172, 0.73119584])"
1224,9236708,left,9212816,CN,CN-23,62,"array([0.63164715, 0.76600184])"
1225,17237305,left,14948339,CN,CN-18,62,"array([0.63463947, 0.76148861])"
1226,20379247,left,17658602,pre-DN-VNC,no official annotation,70,"array([0.67366829, 0.74969146])"
1227,16714214,right,15431408,pre-DN-VNC,no official annotation,65,"array([0.63664481, 0.77226708])"
1228,12479019,left,5560620,PN,FFN-17; gut 2nd_order PN,54,"array([0.59831471, 0.85928224])"
1229,11229136,left,17529547,DN-SEZ,no official annotation,5,"array([0.55184894, 0.92887316])"
1230,15732497,right,16547292,pre-DN-VNC,no official annotation,84,"array([0.61132025, 0.72402479])"
1231,16443509,right,17356442,pre-DN-VNC,no official annotation,65,"array([0.63720074, 0.7235994 ])"
1232,9384504,left,5935744,pre-DN-VNC,no official annotation,78,"array([0.59668519, 0.71935857])"
1233,13411445,right,10596949,pre-DN-VNC,no official annotation,77,"array([0.64004162, 0.77113008])"
1234,3157405,left,8752697,MB-FBN,FAN-1,55,"array([0.63584716, 0.86304656])"
1235,11027071,left,3010486,pre-DN-VNC,no official annotation,71,"array([0.65443223, 0.82039777])"
1236,2979486,left,9585145,LHN,no official annotation,35,"array([0.61260131, 0.84583793])"
1237,12704069,right,2966602,MB-FBN,CN-21; FBN-4,75,"array([0.60208564, 0.84193962])"
1238,11135340,left,11645541,LN,no official annotation,41,"array([0.59849498, 0.86854252])"
1239,8710444,right,13714311,pre-DN-VNC,no official annotation,85,"array([0.65501666, 0.75239743])"
1240,5164129,right,16545264,pre-DN-VNC,no official annotation,85,"array([0.63005984, 0.7283872 ])"
1241,12424328,left,16457812,PN,gustatory-external 2nd_order PN; gustatory-pharyngeal 2nd_order PN,38,"array([0.60935226, 0.87612421])"
1242,8297018,right,8922644,MBON,MBON-e2,64,"array([0.5751374 , 0.80718825])"
1243,7840791,right,14082322,MBON,MBON-e1,64,"array([0.57596732, 0.82387769])"
1244,15668309,left,17165711,MB-FBN,CN-14; FAN-11,64,"array([0.58805887, 0.80222067])"
1245,9609048,right,15722867,KC,KC,30,"array([0.55756505, 0.81514583])"
1246,7616956,right,7983899,MBIN,OAN-e1,57,"array([0.57051238, 0.82896246])"
1247,5835815,right,-1,KC,KC,33,"array([0.5434497 , 0.82854926])"
1248,4103336,right,12398622,MB-FBN,FB2N-7,75,"array([0.58112599, 0.83509656])"
1249,7897469,right,7910624,MBON,MBON-q1,64,"array([0.5725181 , 0.80623877])"
1250,12475432,left,3890028,MBIN,MBIN-e2,57,"array([0.57277493, 0.82209287])"
1251,15474790,right,12928099,CN,no official annotation,85,"array([0.6211598 , 0.74977183])"
1252,16924423,right,14241490,pre-DN-VNC,no official annotation,84,"array([0.62600741, 0.72625161])"
1253,19361427,left,16950354,DN-VNC,no official annotation,91,"array([0.6067395 , 0.69682021])"
1254,7582412,left,2776773,LN,no official annotation,28,"array([0.60385684, 0.89545715])"
1255,9531722,right,-1,KC,KC,33,"array([0.54064454, 0.82589574])"
1256,3180681,right,15586949,pre-DN-SEZ,no official annotation,19,"array([0.72905313, 0.8179408 ])"
1257,12273754,left,17654624,PN-somato,noci 2nd_order PN,18,"array([0.71942832, 0.84610925])"
1258,16095576,,-1,,,0,"array([0.655425  , 0.87526935])"
1259,9565674,right,17360022,pre-DN-VNC,no official annotation,44,"array([0.6553999 , 0.81684526])"
1260,16433177,right,16472086,PN-somato,mechano-Ch 2nd_order PN,26,"array([0.69273952, 0.84831491])"
1261,17591442,right,5474852,LN,CN-5,41,"array([0.60906577, 0.85748493])"
1262,2963280,right,6494382,LHN,no official annotation,43,"array([0.64271382, 0.85387799])"
1263,20730780,left,9202326,PN-somato,noci 2nd_order PN,27,"array([0.70168381, 0.84916115])"
1264,5750884,left,20443420,PN-somato,Tel5; noci 2nd_order PN,27,"array([0.70889473, 0.86152402])"
1265,17165621,left,9422291,PN-somato,noci 2nd_order PN; mechano-Ch 2nd_order PN,27,"array([0.70676841, 0.85807361])"
1266,2772093,right,9348984,pre-DN-VNC,no official annotation,27,"array([0.70832589, 0.83299249])"
1267,17762417,right,16444758,pre-DN-SEZ,no official annotation,58,"array([0.61500493, 0.79743709])"
1268,18062678,left,7065182,LN,CN-20,75,"array([0.59436966, 0.78419206])"
1269,2439134,left,4099900,LHN,no official annotation,53,"array([0.59762366, 0.84495232])"
1270,15568333,right,15566333,CN,PL-6,61,"array([0.60423137, 0.8395835 ])"
1271,13836327,right,9061235,CN,no official annotation,91,"array([0.60507464, 0.75677636])"
1272,4849988,right,16950121,PN-somato,proprio 2nd_order PN,87,"array([0.61653899, 0.70181641])"
1273,4812481,right,16545101,pre-DN-VNC,no official annotation,65,"array([0.64212341, 0.72773085])"
1274,10758204,left,2650887,pre-DN-VNC,no official annotation,74,"array([0.60872751, 0.74991235])"
1275,17850822,right,14723506,pre-DN-SEZ,no official annotation,71,"array([0.65136728, 0.78978613])"
1276,15674269,right,12389097,MB-FFN,FFN-10,58,"array([0.60130339, 0.77166862])"
1277,17360404,left,4390116,pre-DN-VNC,no official annotation,89,"array([0.57659262, 0.70917532])"
1278,7025064,left,8161142,pre-DN-VNC,no official annotation,92,"array([0.63433716, 0.71751136])"
1279,7283193,,-1,,,0,"array([0.58098361, 0.73069185])"
1280,18267838,left,4173633,pre-DN-VNC,no official annotation,84,"array([0.57761387, 0.71567898])"
1281,3806652,right,14437742,DN-SEZ,mPN,15,"array([0.55360853, 0.86112705])"
1282,17355872,right,17356450,DN-SEZ,no official annotation,15,"array([0.54244584, 0.84638598])"
1283,2439067,left,3814853,LHN,LHN-8,43,"array([0.63889644, 0.8749015 ])"
1284,13863331,right,15766806,MB-FBN,FBN-15; LHN-12; CN-48,61,"array([0.59067412, 0.84823837])"
1285,15679639,right,14797760,PN-somato,mechano-Ch 2nd_order PN,27,"array([0.69952822, 0.84299844])"
1286,14461238,left,18292832,LHN,no official annotation,38,"array([0.60861455, 0.88673291])"
1287,11144258,left,9800178,LN,no official annotation,38,"array([0.61476585, 0.88845989])"
1288,4780707,left,15683275,LHN,no official annotation,41,"array([0.59944986, 0.87303831])"
1289,17962513,left,8842220,LHN,no official annotation,28,"array([0.61475134, 0.89805696])"
1290,14782250,,-1,,,0,"array([0.67450943, 0.8837219 ])"
1291,7020344,right,12156009,PN,Gustatory PN 3; gustatory-external 2nd_order PN,28,"array([0.58535567, 0.87700049])"
1292,16341399,right,15715643,sensory,gustatory-external,4,"array([0.59304452, 0.92561161])"
1293,16115575,right,7227010,DN-VNC,no official annotation,52,"array([0.71512605, 0.82944852])"
1294,12233237,left,11528017,MB-FBN,FB2N-1,67,"array([0.60983659, 0.84536079])"
1295,17176866,left,17176882,PN,FFN-12; gut 2nd_order PN; mechano-II/III 2nd_order PN,54,"array([0.6109485 , 0.88840997])"
1296,11013351,left,11909406,LN,CN-11; FBN-12,61,"array([0.60397832, 0.84815689])"
1297,14434314,left,13369670,LHN,no official annotation,53,"array([0.62783332, 0.84880703])"
1298,14083681,right,9527522,MB-FBN,CN-19; FBN-9,75,"array([0.58671522, 0.81259879])"
1299,10673895,right,4381377,MBIN,DAN-g1,57,"array([0.57808802, 0.80164426])"
1300,5973097,right,15568134,pre-DN-SEZ,no official annotation,66,"array([0.6338509 , 0.84262648])"
1301,17165711,right,15668309,MB-FBN,CN-14; FAN-11,64,"array([0.59240775, 0.8002438 ])"
1302,11889676,right,14313750,MB-FBN,CN-12; FBN-8,75,"array([0.61560406, 0.82842861])"
1303,17150791,left,8712361,MB-FBN,CN-10; FAN-2,64,"array([0.59571796, 0.83007788])"
1304,14313750,left,11889676,MB-FBN,CN-12; FBN-8,75,"array([0.61915306, 0.83040051])"
1305,19508873,right,18527962,DN-VNC,no official annotation,44,"array([0.65271606, 0.8047299 ])"
1306,16594752,left,9530532,PN-somato,noci 2nd_order PN,26,"array([0.70282486, 0.84043704])"
1307,9889095,right,-1,KC,KC,33,"array([0.54032935, 0.81942333])"
1308,9983191,left,-1,KC,KC,33,"array([0.54295453, 0.80049229])"
1309,14891367,,-1,,,0,"array([0.6063891 , 0.82609566])"
1310,5836181,right,-1,KC,KC,33,"array([0.53659837, 0.82286908])"
1311,10944822,,-1,,,0,"array([0.57718786, 0.83692445])"
1312,4235139,right,14541927,MBIN,MBIN-e1,64,"array([0.584615  , 0.82598459])"
1313,9294475,right,8974428,LHN,no official annotation,55,"array([0.57741663, 0.82076561])"
1314,13210358,right,9527333,MB-FBN,FB2N-19,66,"array([0.64119434, 0.83453074])"
1315,12868041,left,17340931,CN,CN-35,58,"array([0.60545006, 0.79235259])"
1316,17658907,,-1,,,0,"array([0.64118071, 0.84463631])"
1317,10013517,right,17277623,PN,gustatory-external 2nd_order PN,44,"array([0.61522308, 0.80934979])"
1318,13580849,right,17740547,DN-SEZ,no official annotation,4,"array([0.61183911, 0.89372483])"
1319,18458734,left,13775497,ascending,unknown modality,70,"array([0.69757542, 0.73058612])"
1320,14753815,right,16848587,pre-DN-VNC,no official annotation,73,"array([0.6752886 , 0.79728735])"
1321,14492880,right,15055590,pre-DN-VNC,no official annotation,78,"array([0.65958283, 0.77040655])"
1322,16393165,right,17062823,DN-SEZ,no official annotation,3,"array([0.56760795, 0.88216536])"
1323,3814635,right,18740553,PN,gustatory-external 2nd_order PN; gustatory-pharyngeal 2nd_order PN,17,"array([0.59912479, 0.89062065])"
1324,17323054,right,4749004,pre-DN-VNC,no official annotation,91,"array([0.6036589 , 0.72044383])"
1325,10017944,left,16913476,pre-DN-VNC,no official annotation,78,"array([0.58928299, 0.72873484])"
1326,15586949,left,3180681,pre-DN-SEZ,no official annotation,19,"array([0.75196138, 0.85000913])"
1327,3058132,right,15676016,pre-DN-VNC,PL-7,52,"array([0.70434707, 0.86139591])"
1328,8810141,left,12422355,pre-DN-VNC,no official annotation,70,"array([0.66620342, 0.73059925])"
1329,17655000,right,8142831,pre-DN-VNC,PL-15,70,"array([0.674639  , 0.71528045])"
1330,10355356,left,5898284,pre-DN-VNC,no official annotation,70,"array([0.65154866, 0.71945209])"
1331,7690945,right,-1,KC,KC,33,"array([0.54322009, 0.82367362])"
1332,10198121,right,6723364,PN-somato,noci 2nd_order PN,52,"array([0.7019924 , 0.77999651])"
1333,10367190,right,17728695,pre-DN-VNC,no official annotation,78,"array([0.67535454, 0.7594517 ])"
1334,9809626,right,-1,KC,KC,33,"array([0.54662052, 0.8166491 ])"
1335,11605861,right,4422289,LHN,no official annotation,47,"array([0.60913083, 0.8237433 ])"
1336,16625432,right,-1,KC,KC,49,"array([0.52617063, 0.8345468 ])"
1337,8118947,left,14077615,MB-FBN,FBN-16,75,"array([0.60034646, 0.81021777])"
1338,10351681,right,10281116,MB-FFN,FFN-24,73,"array([0.63281541, 0.83481963])"
1339,10202724,left,5480553,PN,FBN-3; gut 2nd_order PN,64,"array([0.60501849, 0.85750386])"
1340,13789482,right,3709977,PN,Gustatory PN 2; gustatory-external 2nd_order PN; gustatory-pharyngeal 2nd_order PN,17,"array([0.56886476, 0.85933149])"
1341,3347834,right,-1,KC,KC,42,"array([0.53707383, 0.83230927])"
1342,7829784,right,-1,KC,KC,33,"array([0.5490235 , 0.82639379])"
1343,8140109,right,7843730,PN,74a PN; uPN; olfactory 2nd_order PN,12,"array([0.57281965, 0.85461266])"
1344,16627861,left,-1,KC,KC,30,"array([0.54632667, 0.79278507])"
1345,3819157,left,-1,KC,KC,33,"array([0.54532818, 0.8078874 ])"
1346,16415910,left,9116228,pre-DN-VNC,no official annotation,73,"array([0.65113913, 0.78680714])"
1347,17658602,right,20379247,pre-DN-VNC,no official annotation,70,"array([0.68416155, 0.73731331])"
1348,17732076,,-1,,,0,"array([0.68710459, 0.76969151])"
1349,12390459,left,19989037,PN-somato,proprio 2nd_order PN,70,"array([0.67132877, 0.75344139])"
1350,10600188,left,8571259,pre-DN-VNC,no official annotation,62,"array([0.6707653 , 0.77112581])"
1351,8717042,right,19088042,CN,no official annotation,66,"array([0.62581635, 0.80675177])"
1352,17728723,,-1,,,0,"array([0.69504554, 0.7504714 ])"
1353,13835439,right,14579509,pre-DN-VNC,no official annotation,80,"array([0.64627869, 0.75676767])"
1354,19017386,left,8127390,pre-DN-VNC,no official annotation,77,"array([0.6350702 , 0.78581264])"
1355,14579509,left,13835439,pre-DN-VNC,no official annotation,80,"array([0.64602736, 0.75273918])"
1356,8864096,left,-1,KC,KC,42,"array([0.53917864, 0.79232944])"
1357,10553248,left,8496618,DN-VNC,no official annotation,92,"array([0.64540551, 0.73076378])"
1358,18232369,right,16340977,DN-SEZ,no official annotation,78,"array([0.65348007, 0.74544546])"
1359,1646076,left,10276161,pre-DN-VNC,no official annotation,74,"array([0.64227349, 0.76193734])"
1360,7196392,right,-1,KC,KC,42,"array([0.5369743 , 0.81645792])"
1361,10612630,right,9048462,MB-FFN,FFN-1,69,"array([0.60795298, 0.78713204])"
1362,3347708,right,4412315,KC,KC,30,"array([0.56071237, 0.82238108])"
1363,12476851,left,16070049,LHN,CN-1,32,"array([0.60794418, 0.84391235])"
1364,7952981,left,8717219,PN,vPN; visual 2nd_order PN,28,"array([0.61959762, 0.89491606])"
1365,6494274,left,13986583,LHN,LHN-1,38,"array([0.59852264, 0.85670129])"
1366,4637677,,-1,,,0,"array([0.62798307, 0.89486431])"
1367,10728318,left,3598000,DN-VNC,no official annotation,52,"array([0.67067958, 0.80279994])"
1368,9488991,left,5585799,LHN,no official annotation,31,"array([0.67869651, 0.85726491])"
1369,17658948,right,10449035,pre-DN-VNC,no official annotation,71,"array([0.68101098, 0.78932292])"
1370,21133456,,-1,,,0,"array([0.67571447, 0.88802156])"
1371,21590958,right,5778133,pre-DN-VNC,no official annotation,14,"array([0.73657597, 0.85784578])"
1372,4663875,left,11271082,pre-DN-VNC,no official annotation,26,"array([0.69966559, 0.85255619])"
1373,4127911,,-1,,,0,"array([0.74202404, 0.853388  ])"
1374,10959064,right,5080991,pre-DN-VNC,no official annotation,23,"array([0.7281696 , 0.80238012])"
1375,15636411,,-1,,,0,"array([0.70768365, 0.8770574 ])"
1376,16176721,,-1,,,0,"array([0.74146186, 0.84798764])"
1377,17732737,,-1,,,0,"array([0.69487904, 0.81107997])"
1378,17589475,right,11013583,DN-VNC,no official annotation,88,"array([0.6621213 , 0.71503381])"
1379,12962772,right,14539753,DN-SEZ,no official annotation,69,"array([0.60732266, 0.7539476 ])"
1380,17379360,right,10018161,DN-SEZ,no official annotation,70,"array([0.66613888, 0.79022369])"
1381,11217208,left,5993001,DN-SEZ,no official annotation,71,"array([0.66281879, 0.79532414])"
1382,10583715,left,11306294,pre-DN-VNC,no official annotation,66,"array([0.64447448, 0.79814411])"
1383,18500915,left,16846902,CN,no official annotation,62,"array([0.67908004, 0.79971664])"
1384,16468935,left,10781924,pre-DN-VNC,no official annotation,62,"array([0.66473287, 0.81571347])"
1385,5936935,right,5902352,pre-DN-VNC,no official annotation,80,"array([0.65389627, 0.76448413])"
1386,20421224,left,17466463,pre-DN-VNC,no official annotation,84,"array([0.67266598, 0.73733644])"
1387,17729347,left,20479904,pre-DN-VNC,no official annotation,70,"array([0.70096568, 0.76290527])"
1388,17359111,left,16316973,DN-SEZ,no official annotation,70,"array([0.61441491, 0.79176454])"
1389,16571210,right,17473163,DN-VNC,no official annotation,52,"array([0.68174748, 0.83743041])"
1390,10540188,,-1,,,0,"array([0.60089614, 0.86913312])"
1391,12840470,,-1,,,0,"array([0.6044434 , 0.85442711])"
1392,8451818,right,11216417,CN,no official annotation,58,"array([0.63119148, 0.79090295])"
1393,9589146,left,7503199,PN,mPN; mPN; olfactory 2nd_order PN; gustatory-external 2nd_order PN; gustatory-pharyngeal 2nd_order PN,22,"array([0.59618417, 0.86126375])"
1394,16442113,left,3814175,LHN,FFN-3,61,"array([0.58919044, 0.83589004])"
1395,4411688,right,18035864,MB-FBN,FB2N-3,79,"array([0.59181639, 0.81637742])"
1396,18035864,left,4411688,MB-FBN,FB2N-3,79,"array([0.5995287 , 0.81338541])"
1397,13206239,left,8847957,LHN,LHN-3,53,"array([0.59411984, 0.84871906])"
1398,16089743,left,10340880,LHN,no official annotation,61,"array([0.59829708, 0.85054964])"
1399,11687072,,-1,,,0,"array([0.62938405, 0.86444515])"
1400,8243455,right,7865767,PN,83a PN; uPN; olfactory 2nd_order PN,12,"array([0.56787846, 0.8624628 ])"
1401,10221622,right,17728571,DN-SEZ,no official annotation,5,"array([0.52701832, 0.84719179])"
1402,10934438,right,15680093,sensory,gustatory-external,4,"array([0.58160167, 0.90893297])"
1403,16057212,right,13830600,DN-SEZ,no official annotation,5,"array([0.53873877, 0.93162757])"
1404,17529547,right,11229136,DN-SEZ,no official annotation,5,"array([0.54134466, 0.90732311])"
1405,10581624,left,13564607,pre-DN-VNC,no official annotation,78,"array([0.6239604, 0.7593973])"
1406,16440649,left,-1,KC,KC,33,"array([0.54785005, 0.79936517])"
1407,8340950,left,8270683,PN,vPN; visual 2nd_order PN,32,"array([0.62657799, 0.85684887])"
1408,5902352,left,5936935,pre-DN-VNC,no official annotation,80,"array([0.6632215 , 0.76151168])"
1409,17729335,left,8592501,pre-DN-VNC,no official annotation,68,"array([0.70252429, 0.78688616])"
1410,16544712,left,5730322,pre-DN-VNC,no official annotation,70,"array([0.69410481, 0.77134235])"
1411,11853038,left,12842593,PN,gustatory-external 2nd_order PN; gustatory-pharyngeal 2nd_order PN,35,"array([0.6031506 , 0.86353636])"
1412,15715643,left,16341399,sensory,gustatory-external,4,"array([0.5744791, 0.9221983])"
1413,16561660,left,13652117,DN-VNC,PL-19,86,"array([0.65428384, 0.73140227])"
1414,17355864,right,14621584,pre-DN-VNC,no official annotation,78,"array([0.65512936, 0.73953837])"
1415,13652117,right,16561660,DN-VNC,PL-19,86,"array([0.63950378, 0.74497334])"
1416,16492104,left,10617840,MB-FFN,FFN-40,66,"array([0.63347633, 0.83964583])"
1417,11003707,left,17525174,LN,no official annotation,53,"array([0.61971886, 0.8701505 ])"
1418,18740553,left,3814635,PN,gustatory-external 2nd_order PN; gustatory-pharyngeal 2nd_order PN,17,"array([0.60076565, 0.89437802])"
1419,2612527,left,4391978,PN,mPN; Multiglomerular PN 3; mPN; olfactory 2nd_order PN; gustatory-external 2nd_order PN; gustatory-pharyngeal 2nd_order PN,22,"array([0.60037678, 0.84958727])"
1420,9291474,right,4985759,LN,Thermo PN 2,17,"array([0.57890997, 0.88578026])"
1421,8974428,left,9294475,LHN,no official annotation,55,"array([0.5788736 , 0.82692465])"
1422,14082322,left,7840791,MBON,MBON-e1,64,"array([0.58014122, 0.81087695])"
1423,13751194,right,4400767,RGN,no official annotation,52,"array([0.6498426 , 0.94344732])"
1424,16751955,right,17096642,MB-FFN,FFN-28,67,"array([0.63506316, 0.87243379])"
1425,16621864,,-1,,,0,"array([0.57336041, 0.91561487])"
1426,16350988,right,16445338,pre-DN-VNC,no official annotation,74,"array([0.6267145 , 0.78068056])"
1427,11329998,left,13365464,CN,no official annotation,66,"array([0.6330027 , 0.80705698])"
1428,12782494,left,15585114,pre-DN-SEZ,no official annotation,62,"array([0.64139055, 0.81067562])"
1429,3765735,right,11348509,pre-DN-VNC,no official annotation,73,"array([0.64025551, 0.81771622])"
1430,3163105,,-1,,,0,"array([0.63808659, 0.87208782])"
1431,18292832,right,14461238,LHN,no official annotation,38,"array([0.5972922 , 0.88259743])"
1432,17937123,,-1,,,0,"array([0.61535581, 0.87838017])"
1433,10684539,,-1,,,0,"array([0.59651921, 0.89402722])"
1434,13046354,,-1,,,0,"array([0.65210251, 0.86426133])"
1435,10158972,right,11105182,DN-SEZ,mPN,15,"array([0.57709452, 0.89070873])"
1436,16158918,right,17355745,DN-SEZ,no official annotation,4,"array([0.55770047, 0.90209951])"
1437,16586265,right,13313410,DN-SEZ,no official annotation,4,"array([0.55636982, 0.91052323])"
1438,15556081,right,15674262,sensory,gustatory-external,3,"array([0.56482713, 0.91236609])"
1439,10345590,left,15048530,pre-DN-SEZ,no official annotation,66,"array([0.65312698, 0.83762464])"
1440,16494105,left,4108720,LHN,no official annotation,38,"array([0.64125141, 0.86536829])"
1441,19051631,,-1,,,0,"array([0.67262856, 0.84688282])"
1442,15096548,left,13841523,pre-DN-VNC,no official annotation,27,"array([0.70105994, 0.87884283])"
1443,8161148,right,18551732,pre-DN-VNC,no official annotation,92,"array([0.63426447, 0.73110197])"
1444,5805651,right,14726069,pre-DN-VNC,no official annotation,85,"array([0.63616375, 0.74153327])"
1445,5893912,right,10238739,pre-DN-VNC,no official annotation,85,"array([0.65388751, 0.73588288])"
1446,5895651,right,10240382,pre-DN-VNC,no official annotation,84,"array([0.65876012, 0.73467819])"
1447,14999928,left,4591713,pre-DN-VNC,PL-21,85,"array([0.60029559, 0.73296039])"
1448,5993001,right,11217208,DN-SEZ,no official annotation,71,"array([0.65908274, 0.81714777])"
1449,17728922,left,9234420,DN-SEZ,no official annotation,71,"array([0.67332385, 0.83988581])"
1450,9039416,,-1,,,0,"array([0.60374487, 0.83651575])"
1451,3564452,left,3571478,ascending,unknown modality,86,"array([0.6830331 , 0.77565135])"
1452,16690648,,-1,,,0,"array([0.68632077, 0.75882632])"
1453,10568310,,-1,,,0,"array([0.64859173, 0.79123815])"
1454,5730322,right,16544712,pre-DN-VNC,no official annotation,70,"array([0.6979679 , 0.76761196])"
1455,17814107,left,10167116,DN-SEZ,no official annotation,4,"array([0.56422428, 0.9260702 ])"
1456,2506050,right,7901791,MBIN,DAN-f1,57,"array([0.56155056, 0.81552301])"
1457,9527522,left,14083681,MB-FBN,CN-19; FBN-9,75,"array([0.58856183, 0.81550742])"
1458,14133114,left,17166682,LHN,no official annotation,76,"array([0.57945493, 0.79785528])"
1459,4700182,,-1,,,0,"array([0.55375341, 0.89723204])"
1460,5771934,,-1,,,0,"array([0.6117617 , 0.82169187])"
1461,19090042,right,10234576,pre-DN-VNC,no official annotation,78,"array([0.60957946, 0.72781749])"
1462,18545747,right,11625573,pre-DN-VNC,no official annotation,85,"array([0.61492861, 0.75499818])"
1463,9072560,,-1,,,0,"array([0.65207941, 0.75333949])"
1464,17784367,right,14158399,MB-FBN,FB2N-21,79,"array([0.60732395, 0.79911286])"
1465,9077224,right,9480916,pre-DN-VNC,no official annotation,78,"array([0.62759746, 0.74697729])"
1466,16594509,right,11003660,MB-FBN,FBN-1,64,"array([0.5877926 , 0.80541965])"
1467,13046847,,-1,,,0,"array([0.60210225, 0.81368375])"
1468,867393,right,9787933,PN,gut 2nd_order PN,54,"array([0.61603853, 0.8944665 ])"
1469,15250080,right,9795662,DN-SEZ,no official annotation,52,"array([0.58923935, 0.95112208])"
1470,15588620,left,7594047,MB-FBN,FBN-5,79,"array([0.60288696, 0.81622361])"
1471,9078240,left,7688300,pre-DN-VNC,no official annotation,61,"array([0.60901557, 0.83716264])"
1472,9983417,left,17658884,pre-DN-VNC,no official annotation,53,"array([0.57659153, 0.84124692])"
1473,6597872,right,6591182,LN,FB2N-11,73,"array([0.62219202, 0.84444383])"
1474,17176767,left,17176781,LN,FB2N-18,73,"array([0.61573462, 0.83880635])"
1475,14517691,right,13380660,DN-SEZ,mPN,3,"array([0.57613369, 0.92638659])"
1476,18625446,right,15679577,sensory,gustatory-external,3,"array([0.55313517, 0.9138696 ])"
1477,12217572,left,-1,KC,KC,42,"array([0.53182653, 0.8004566 ])"
1478,15691114,left,-1,KC,KC,49,"array([0.52123455, 0.80943184])"
1479,16017113,left,-1,KC,KC,49,"array([0.52782883, 0.8025649 ])"
1480,12548756,right,10885466,pre-DN-VNC,no official annotation,50,"array([0.679279  , 0.84251647])"
1481,7891312,right,-1,KC,KC,33,"array([0.54712431, 0.82995527])"
1482,12478620,left,16318521,PN,gustatory-pharyngeal 2nd_order PN,64,"array([0.59065323, 0.83823835])"
1483,15686444,left,15638932,pre-DN-VNC,no official annotation,38,"array([0.64957958, 0.87452323])"
1484,3946432,left,2935173,LHN,_WS,56,"array([0.62005689, 0.8911145 ])"
1485,15639331,right,15639216,pre-DN-SEZ,no official annotation,35,"array([0.63260173, 0.85815262])"
1486,12366640,,-1,,,0,"array([0.7367656 , 0.88587721])"
1487,9637388,right,17729088,LHN,noci 2nd_order PN,26,"array([0.70382457, 0.844808  ])"
1488,5712849,,-1,,,0,"array([0.68774568, 0.8253415 ])"
1489,17354414,left,3021609,pre-DN-VNC,no official annotation,62,"array([0.65575698, 0.7684618 ])"
1490,8809171,,-1,,,0,"array([0.66447235, 0.75211376])"
1491,17639784,left,17438424,CN,CN-9,58,"array([0.64237658, 0.78708495])"
1492,18720819,,-1,,,0,"array([0.65140599, 0.74921026])"
1493,17654991,right,16937799,pre-DN-VNC,PL-16,70,"array([0.6862305 , 0.72710657])"
1494,15431408,left,16714214,pre-DN-VNC,no official annotation,65,"array([0.66190539, 0.76446361])"
1495,18302931,right,19091995,pre-DN-VNC,no official annotation,70,"array([0.66476014, 0.75715476])"
1496,19092010,right,8801715,pre-DN-VNC,no official annotation,86,"array([0.65858232, 0.73808762])"
1497,12500843,,-1,,,0,"array([0.64415064, 0.77894739])"
1498,16851791,left,16340461,pre-DN-VNC,no official annotation,78,"array([0.65449558, 0.74886956])"
1499,4227304,right,-1,KC,KC,30,"array([0.55889281, 0.81253003])"
1500,16444758,left,17762417,pre-DN-SEZ,no official annotation,58,"array([0.61493676, 0.79495851])"
1501,12452356,,-1,,,0,"array([0.60427238, 0.79678238])"
1502,3061422,,-1,,,0,"array([0.64282775, 0.84247732])"
1503,9643439,right,8687096,pre-DN-VNC,no official annotation,31,"array([0.66269597, 0.84774757])"
1504,4721538,left,8069365,LHN,no official annotation,58,"array([0.63743891, 0.79351158])"
1505,16685117,right,17777981,pre-DN-VNC,no official annotation,62,"array([0.64114872, 0.78028232])"
1506,21220994,left,8229118,PN-somato,noci 2nd_order PN; mechano-Ch 2nd_order PN,27,"array([0.70789843, 0.84478453])"
1507,14948339,right,17237305,CN,CN-18,62,"array([0.62255687, 0.77326269])"
1508,9798791,right,16848497,MB-FFN,FFN-33,46,"array([0.66843383, 0.85341845])"
1509,14818307,left,3932136,LHN,no official annotation,43,"array([0.63896425, 0.87772064])"
1510,8461082,right,11084320,pre-DN-VNC,no official annotation,46,"array([0.69665222, 0.84633862])"
1511,15680292,,-1,,,0,"array([0.66295442, 0.79144218])"
1512,16100461,left,8711574,LHN,no official annotation,47,"array([0.62523253, 0.85008296])"
1513,17728571,left,10221622,DN-SEZ,no official annotation,5,"array([0.51984701, 0.81424935])"
1514,4327684,right,12225666,PN,mPN; FFN-21; mPN; olfactory 2nd_order PN; gustatory-external 2nd_order PN; thermo-warm 2nd_order PN,22,"array([0.58923647, 0.88082626])"
1515,3945454,left,11637003,PN,FFN-4; FFN-5; gustatory-pharyngeal 2nd_order PN; gut 2nd_order PN; respiratory 2nd_order PN; mechano-II/III 2nd_order PN,54,"array([0.61392035, 0.88335607])"
1516,7556564,left,15640893,sensory,gustatory-pharyngeal,5,"array([0.58608744, 0.94721421])"
1517,8005609,left,10852875,sensory,respiratory,20,"array([0.65097166, 0.96670912])"
1518,4412315,left,3347708,KC,KC,30,"array([0.55514338, 0.78579214])"
1519,3232277,right,11029359,CN,no official annotation,44,"array([0.6592089 , 0.82671211])"
1520,12612426,right,2568522,PN,gustatory-external 2nd_order PN,44,"array([0.60717008, 0.83529603])"
1521,11003660,left,16594509,MB-FBN,FBN-1,64,"array([0.59442582, 0.79388978])"
1522,3650006,left,15829660,PN,gustatory-external 2nd_order PN; gustatory-pharyngeal 2nd_order PN,31,"array([0.63936608, 0.89492437])"
1523,17740547,left,13580849,DN-SEZ,no official annotation,4,"array([0.59547752, 0.90562717])"
1524,14757992,right,17360296,LN,no official annotation,58,"array([0.62811954, 0.8133125 ])"
1525,12398622,left,4103336,MB-FBN,FB2N-7,75,"array([0.57828491, 0.83406714])"
1526,16545113,left,15732503,pre-DN-VNC,no official annotation,87,"array([0.60898321, 0.70869796])"
1527,17108278,left,9051500,PN-somato,noci 2nd_order PN,85,"array([0.63486464, 0.73518734])"
1528,16547281,left,13722900,pre-DN-VNC,no official annotation,87,"array([0.59742289, 0.7039977 ])"
1529,16950121,left,4849988,PN-somato,proprio 2nd_order PN,87,"array([0.59510856, 0.70876552])"
1530,9068024,right,16560178,pre-DN-VNC,no official annotation,91,"array([0.59311498, 0.71994533])"
1531,16950115,left,6609380,pre-DN-VNC,no official annotation,87,"array([0.59600142, 0.72987629])"
1532,16427492,left,4180774,MB-FBN,FBN-24,87,"array([0.5853486 , 0.71339849])"
1533,16856617,left,16561429,LN,no official annotation,89,"array([0.59644396, 0.67878761])"
1534,5010581,right,4188290,DN-VNC,no official annotation,71,"array([0.67000797, 0.87367706])"
1535,19048289,right,14586769,pre-DN-VNC,no official annotation,71,"array([0.6560377 , 0.77552207])"
1536,16405545,right,12789813,CN,no official annotation,79,"array([0.63042945, 0.79986185])"
1537,2142817,left,17415439,pre-DN-SEZ,no official annotation,56,"array([0.63404008, 0.88835245])"
1538,10317031,left,2504517,pre-DN-VNC,no official annotation,70,"array([0.66938046, 0.73335875])"
1539,16693923,left,17654967,pre-DN-VNC,no official annotation,70,"array([0.6800933 , 0.71660607])"
1540,5996485,right,7130033,DN-SEZ,no official annotation,71,"array([0.64270169, 0.84790344])"
1541,13429045,right,17641913,LHN,no official annotation,56,"array([0.61932703, 0.89797306])"
1542,9808146,right,4636432,LN,no official annotation,28,"array([0.58437742, 0.89306869])"
1543,2369444,left,10119916,LHN,no official annotation,61,"array([0.62084912, 0.8729781 ])"
1544,3793681,right,3945225,PN,gut 2nd_order PN; mechano-II/III 2nd_order PN,54,"array([0.60930364, 0.8537538 ])"
1545,15601640,right,16348875,pre-DN-SEZ,no official annotation,62,"array([0.64705333, 0.79897403])"
1546,12704360,right,3928652,RGN,no official annotation,25,"array([0.61450442, 0.92120511])"
1547,9800178,right,11144258,LN,no official annotation,38,"array([0.60293585, 0.89082166])"
1548,16434560,left,17328580,pre-DN-SEZ,no official annotation,71,"array([0.66432842, 0.77180203])"
1549,17132009,,-1,,,0,"array([0.63819499, 0.81541803])"
1550,13634759,right,14756000,PN,gustatory-external 2nd_order PN,44,"array([0.61168354, 0.81043432])"
1551,17298108,,-1,,,0,"array([0.67923146, 0.74286656])"
1552,14756440,right,13370624,pre-DN-VNC,no official annotation,70,"array([0.64345475, 0.75656081])"
1553,13644685,right,17728781,pre-DN-VNC,no official annotation,65,"array([0.62386377, 0.75290853])"
1554,15589591,right,16422744,pre-DN-VNC,no official annotation,44,"array([0.64522826, 0.76030327])"
1555,4523803,left,13793212,RGN,no official annotation,83,"array([0.62416524, 0.94953177])"
1556,17415439,right,2142817,pre-DN-SEZ,no official annotation,56,"array([0.61957293, 0.88780337])"
1557,11645541,right,11135340,LN,no official annotation,41,"array([0.61351554, 0.86912205])"
1558,20370716,,-1,,,0,"array([0.64912793, 0.869311  ])"
1559,10059655,left,11639192,DN-SEZ,no official annotation,83,"array([0.62179757, 0.90223413])"
1560,13854190,left,5476653,pre-DN-SEZ,no official annotation,54,"array([0.60119647, 0.8655293 ])"
1561,2597151,left,3158085,pre-DN-VNC,no official annotation,67,"array([0.64054088, 0.88490225])"
1562,11017761,left,16178283,MBON,MBON-p1; CN-61,82,"array([0.59183213, 0.78789879])"
1563,8509534,left,16515871,PN,mPN; mPN; olfactory 2nd_order PN; gustatory-external 2nd_order PN,29,"array([0.57079213, 0.84634303])"
1564,8566140,right,3945756,pre-DN-VNC,no official annotation,73,"array([0.65586121, 0.80489674])"
1565,14460113,left,-1,KC,KC,33,"array([0.53763603, 0.80976028])"
1566,7901791,left,2506050,MBIN,DAN-f1,57,"array([0.56671957, 0.81842707])"
1567,13173311,right,12425856,PN,gustatory-pharyngeal 2nd_order PN,38,"array([0.6142695 , 0.90438889])"
1568,3736500,,-1,,,0,"array([0.56887731, 0.91305678])"
1569,15734988,left,-1,KC,KC,42,"array([0.53716501, 0.78832197])"
1570,16939375,left,8924186,KC,KC,42,"array([0.53807782, 0.80307796])"
1571,17304269,right,11009492,DN-SEZ,no official annotation,71,"array([0.57351845, 0.80324136])"
1572,15615776,right,15673925,sensory,gustatory-external,5,"array([0.50722949, 0.84473553])"
1573,14522124,left,-1,KC,KC,33,"array([0.53946765, 0.80620674])"
1574,11785627,left,-1,KC,KC,42,"array([0.53982962, 0.7970111 ])"
1575,11007420,left,16884962,DN-SEZ,no official annotation,22,"array([0.57804629, 0.80483994])"
1576,16856539,right,10682660,MB-FBN,FBN-22,87,"array([0.60485401, 0.7387651 ])"
1577,11102156,right,11871574,CN,no official annotation,74,"array([0.61692549, 0.75731426])"
1578,4876839,right,18111410,pre-DN-VNC,no official annotation,78,"array([0.66704608, 0.76072183])"
1579,14898816,left,4230739,KC,KC,30,"array([0.55923967, 0.80036544])"
1580,8247451,right,7852250,PN,45a PN; uPN; olfactory 2nd_order PN,12,"array([0.56903306, 0.86797405])"
1581,3819171,left,-1,KC,KC,49,"array([0.52793714, 0.80713134])"
1582,10329208,left,3561724,RGN,no official annotation,83,"array([0.63148318, 0.91617962])"
1583,4393026,left,16131474,LHN,no official annotation,31,"array([0.66559889, 0.86131282])"
1584,6704232,left,8559607,KC,KC,33,"array([0.53993161, 0.80023994])"
1585,14319960,left,-1,KC,KC,49,"array([0.52201556, 0.79722523])"
1586,20242957,,-1,,,0,"array([0.67442533, 0.69199866])"
1587,17335266,,-1,,,0,"array([0.61290834, 0.70218867])"
1588,1622901,left,6156152,DN-VNC,no official annotation,87,"array([0.62490694, 0.70158792])"
1589,17356024,right,16992171,pre-DN-VNC,no official annotation,84,"array([0.6185266 , 0.71942642])"
1590,17647621,right,18485293,DN-VNC,no official annotation,84,"array([0.65945238, 0.70525784])"
1591,12474164,right,17022668,DN-VNC,no official annotation,87,"array([0.62724677, 0.75194714])"
1592,12935706,left,16852421,pre-DN-VNC,no official annotation,85,"array([0.63123725, 0.73574612])"
1593,12474815,right,20151537,pre-DN-VNC,no official annotation,78,"array([0.6510434 , 0.76243953])"
1594,4665627,right,8802069,MB-FFN,FFN-9,69,"array([0.60056528, 0.74343979])"
1595,16952665,left,6154921,DN-VNC,no official annotation,89,"array([0.6052889 , 0.67458492])"
1596,15513540,left,5790355,pre-DN-VNC,no official annotation,87,"array([0.60477464, 0.68732619])"
1597,4408362,,-1,,,0,"array([0.62517797, 0.76644681])"
1598,4180774,right,16427492,MB-FBN,FBN-24,87,"array([0.61382696, 0.7130978 ])"
1599,11362334,right,18538744,pre-DN-VNC,no official annotation,85,"array([0.60447425, 0.74182807])"
1600,9097065,right,16851718,pre-DN-VNC,no official annotation,92,"array([0.61899193, 0.72617924])"
1601,9057998,left,14214039,CN,no official annotation,76,"array([0.61015927, 0.77438525])"
1602,15541971,,-1,,,0,"array([0.65483445, 0.84006447])"
1603,8135412,right,7313896,MB-FFN,FFN-19,38,"array([0.63099774, 0.81549152])"
1604,10947427,right,5764924,DN-SEZ,no official annotation,52,"array([0.70380971, 0.81348039])"
1605,14206030,right,10702736,CN,CN-16,64,"array([0.61305594, 0.80698259])"
1606,8318678,left,-1,KC,KC,49,"array([0.5180666 , 0.80218677])"
1607,16440704,left,-1,KC,KC,49,"array([0.53141625, 0.80543861])"
1608,8393981,left,-1,KC,KC,42,"array([0.53318957, 0.79627999])"
1609,16210988,left,-1,KC,KC,33,"array([0.54707601, 0.80504221])"
1610,5855343,,-1,,,0,"array([0.61912173, 0.78651256])"
1611,9202326,right,20730780,PN-somato,noci 2nd_order PN,27,"array([0.70596867, 0.84173988])"
1612,14255342,left,-1,KC,KC,49,"array([0.52651561, 0.81181659])"
1613,14655602,left,15672269,pre-DN-VNC,no official annotation,71,"array([0.65132894, 0.81023852])"
1614,5782947,right,7025831,pre-DN-VNC,no official annotation,89,"array([0.58873466, 0.69123362])"
1615,5786898,right,15512404,pre-DN-VNC,no official annotation,87,"array([0.63693105, 0.71427085])"
1616,9237734,left,15800115,pre-DN-VNC,no official annotation,84,"array([0.62219716, 0.73289271])"
1617,7574701,right,5681132,MB-FBN,FBN-25,87,"array([0.61536055, 0.72220419])"
1618,5816138,right,15516413,pre-DN-VNC,no official annotation,89,"array([0.61842347, 0.69408875])"
1619,15706875,right,12598741,pre-DN-VNC,no official annotation,87,"array([0.61772854, 0.71446695])"
1620,15028907,left,11362589,PN-somato,proprio 2nd_order PN,85,"array([0.62838647, 0.7171492 ])"
1621,16562142,left,15894278,DN-VNC,no official annotation,84,"array([0.61975333, 0.71234501])"
1622,9006142,left,5783868,CN,no official annotation,54,"array([0.59758739, 0.82846843])"
1623,15636958,right,17354392,pre-DN-SEZ,no official annotation,31,"array([0.65382827, 0.85399171])"
1624,18861011,,-1,,,0,"array([0.62515766, 0.87052357])"
1625,10378182,,-1,,,0,"array([0.68299327, 0.8199576 ])"
1626,6633635,left,9241349,PN-somato,noci 2nd_order PN; mechano-Ch 2nd_order PN,27,"array([0.71291006, 0.85662132])"
1627,17732031,left,11081239,pre-DN-VNC,no official annotation,46,"array([0.68674899, 0.83242844])"
1628,15656223,,-1,,,0,"array([0.70512458, 0.83153138])"
1629,16014607,,-1,,,0,"array([0.72699693, 0.87102226])"
1630,20981306,,-1,,,0,"array([0.71104218, 0.88140631])"
1631,5585799,right,9488991,LHN,no official annotation,31,"array([0.66964056, 0.84867583])"
1632,4215611,right,17321919,DN-SEZ,no official annotation,52,"array([0.67814392, 0.82096868])"
1633,18023286,left,9753494,pre-DN-VNC,no official annotation,71,"array([0.653357  , 0.77388046])"
1634,12654063,left,12990900,pre-DN-SEZ,no official annotation,68,"array([0.6913183, 0.7853438])"
1635,17328580,right,16434560,pre-DN-SEZ,no official annotation,71,"array([0.67779602, 0.77333898])"
1636,10875178,right,10880408,pre-DN-VNC,no official annotation,62,"array([0.63405555, 0.77232654])"
1637,16753901,,-1,,,0,"array([0.61084703, 0.74676003])"
1638,9841469,right,3945232,PN,FFN-4; FFN-5; gustatory-pharyngeal 2nd_order PN; gut 2nd_order PN,54,"array([0.6125734 , 0.88068017])"
1639,15556868,right,15716701,sensory,gustatory-external,3,"array([0.57832511, 0.91385646])"
1640,19929273,,-1,,,0,"array([0.67298096, 0.89142479])"
1641,12089601,left,11838242,PN,gustatory-pharyngeal 2nd_order PN,8,"array([0.65981907, 0.91751347])"
1642,16059078,left,4130960,PN-somato,mechano-Ch 2nd_order PN,27,"array([0.71175272, 0.86623363])"
1643,9640873,right,21250110,ascending,noci,18,"array([0.68205978, 0.82650264])"
1644,9154024,left,16947349,pre-DN-VNC,no official annotation,87,"array([0.59802437, 0.70008903])"
1645,13028455,left,4142619,pre-DN-VNC,no official annotation,89,"array([0.57319163, 0.71197363])"
1646,9707941,right,-1,KC,KC,49,"array([0.53835042, 0.83760532])"
1647,4983938,right,12336493,PN,gustatory-external 2nd_order PN,17,"array([0.5821207 , 0.86870142])"
1648,17769815,,-1,,,0,"array([0.66745417, 0.78387836])"
1649,16547297,left,15589738,pre-DN-VNC,no official annotation,86,"array([0.6473364 , 0.73825326])"
1650,17728730,,-1,,,0,"array([0.67810096, 0.7490977 ])"
1651,4067286,right,10875625,LHN,CN-26,58,"array([0.64611163, 0.78692108])"
1652,19167389,right,20316708,pre-DN-VNC,no official annotation,70,"array([0.66899734, 0.74399781])"
1653,13370624,left,14756440,pre-DN-VNC,no official annotation,70,"array([0.63526865, 0.76554142])"
1654,14756000,left,13634759,PN,gustatory-external 2nd_order PN,44,"array([0.61467697, 0.78445231])"
1655,10169396,right,-1,KC,KC,49,"array([0.53236134, 0.83457191])"
1656,16339338,right,16851496,DN-VNC,no official annotation,92,"array([0.62167799, 0.72910124])"
1657,18566361,left,16471422,pre-DN-VNC,no official annotation,85,"array([0.61630387, 0.76080915])"
1658,13646473,right,16675987,DN-VNC,no official annotation,88,"array([0.63984185, 0.6909456 ])"
1659,17358864,left,13842372,DN-SEZ,no official annotation,89,"array([0.60820413, 0.69218198])"
1660,16561224,left,6702943,DN-SEZ,no official annotation,91,"array([0.62305633, 0.6956613 ])"
1661,19950281,right,4324479,pre-DN-VNC,no official annotation,89,"array([0.63466851, 0.72798724])"
1662,16383966,left,7371184,pre-DN-VNC,no official annotation,65,"array([0.62207499, 0.72585398])"
1663,3010486,right,11027071,pre-DN-VNC,no official annotation,71,"array([0.64082135, 0.82486018])"
1664,7589765,right,13422280,DN-VNC,no official annotation,25,"array([0.64841648, 0.88571548])"
1665,7569260,right,7005184,DN-VNC,no official annotation,83,"array([0.65332781, 0.86772634])"
1666,10167078,right,2568465,PN,mPN; mPN; olfactory 2nd_order PN; gustatory-external 2nd_order PN,32,"array([0.60002998, 0.82803256])"
1667,7590264,right,7005145,DN-VNC,no official annotation,80,"array([0.69365579, 0.79854316])"
1668,17123466,right,10922020,LHN,no official annotation,50,"array([0.68861518, 0.80760279])"
1669,4337398,right,17280216,MB-FBN,FB2N-13,69,"array([0.59015408, 0.75437846])"
1670,5993765,right,8391330,DN-VNC,no official annotation,52,"array([0.67036484, 0.75776649])"
1671,16631222,left,-1,KC,KC,42,"array([0.53136627, 0.79133512])"
1672,16409132,left,17896997,LHN,no official annotation,38,"array([0.61639818, 0.86944239])"
1673,8037197,left,17822238,LN,CN-2,32,"array([0.58766057, 0.84365685])"
1674,16631248,left,-1,KC,KC,49,"array([0.52808881, 0.79751385])"
1675,12667895,left,17425996,PN-somato,noci 2nd_order PN,47,"array([0.64951564, 0.84304158])"
1676,8877158,left,10163418,MBON,MBON-a1,59,"array([0.56758248, 0.78787863])"
1677,21591317,,-1,,,0,"array([0.75381415, 0.83825117])"
1678,17729410,left,9161929,PN-somato,noci 2nd_order PN,19,"array([0.73036924, 0.87491262])"
1679,10937355,right,7766016,ascending,mechano-Ch,14,"array([0.75959954, 0.8436242 ])"
1680,12617396,left,3844799,PN,gustatory-external 2nd_order PN; gustatory-pharyngeal 2nd_order PN,47,"array([0.61567752, 0.88093766])"
1681,4324898,right,8480221,PN,mPN; mPN seahorse; mPN; olfactory 2nd_order PN,22,"array([0.61148891, 0.86144533])"
1682,8496618,right,10553248,DN-VNC,no official annotation,92,"array([0.64597474, 0.7355043 ])"
1683,15894178,right,15005403,DN-VNC,no official annotation,91,"array([0.62180814, 0.7221687 ])"
1684,16340011,right,17067625,pre-DN-VNC,no official annotation,78,"array([0.64961669, 0.7306133 ])"
1685,16340977,left,18232369,DN-SEZ,no official annotation,78,"array([0.66397968, 0.74784101])"
1686,11851588,right,2439150,LHN,no official annotation,56,"array([0.62225664, 0.86295219])"
1687,9524538,left,11946903,PN-somato,mechano-II/III 2nd_order PN,56,"array([0.61829505, 0.87521435])"
1688,3122533,,-1,,,0,"array([0.71979039, 0.8590303 ])"
1689,18656202,left,18655517,PN-somato,noci 2nd_order PN,18,"array([0.72318211, 0.85791539])"
1690,4144377,right,5870071,MB-FBN,FBN-27,87,"array([0.61608008, 0.71750964])"
1691,15722306,left,-1,KC,KC,49,"array([0.51591959, 0.79414179])"
1692,17105842,,-1,,,0,"array([0.59037204, 0.75028778])"
1693,16848587,left,14753815,pre-DN-VNC,no official annotation,73,"array([0.67068096, 0.79831854])"
1694,13988443,right,8539175,CN,CN-40,47,"array([0.61442602, 0.81826779])"
1695,13768622,,-1,,,0,"array([0.62582174, 0.82993471])"
1696,10495502,,-1,,,0,"array([0.60783221, 0.85921558])"
1697,17847543,right,12670738,MB-FFN,FFN-31,47,"array([0.65656534, 0.798891  ])"
1698,12364717,left,11356523,pre-DN-SEZ,no official annotation,67,"array([0.62673472, 0.83795028])"
1699,17896997,right,16409132,LHN,no official annotation,38,"array([0.61566392, 0.8663796 ])"
1700,17378548,,-1,,,0,"array([0.66888715, 0.82927905])"
1701,2663649,,-1,,,0,"array([0.69286616, 0.83101621])"
1702,8193545,,-1,,,0,"array([0.66547361, 0.85125818])"
1703,7449767,right,8529400,pre-DN-VNC,no official annotation,18,"array([0.71945518, 0.81939268])"
1704,4206755,left,7124156,ascending,noci,88,"array([0.67870141, 0.73683604])"
1705,17468727,,-1,,,0,"array([0.72417565, 0.88453096])"
1706,15586914,,-1,,,0,"array([0.72449163, 0.87797257])"
1707,11717020,,-1,,,0,"array([0.7401814 , 0.86763308])"
1708,17360070,,-1,,,0,"array([0.71218764, 0.86052586])"
1709,7587948,right,8047280,DN-VNC,no official annotation,68,"array([0.69454789, 0.83837402])"
1710,2797480,left,13713529,pre-DN-VNC,no official annotation,58,"array([0.61998982, 0.79829288])"
1711,17360014,,-1,,,0,"array([0.70063989, 0.86036921])"
1712,15810983,left,6699205,MBON,MBON-d2,64,"array([0.58346621, 0.78587256])"
1713,7910624,left,7897469,MBON,MBON-q1,64,"array([0.57085987, 0.79052448])"
1714,16240569,right,15592096,MBIN,DAN-c1,57,"array([0.56579162, 0.80784952])"
1715,10792617,left,11278919,pre-DN-VNC,no official annotation,66,"array([0.66315167, 0.7988732 ])"
1716,11348509,left,3765735,pre-DN-VNC,no official annotation,73,"array([0.64784247, 0.81046897])"
1717,8689148,right,5679304,MB-FFN,FFN-34,47,"array([0.64927178, 0.82563819])"
1718,8357933,left,13764822,DN-SEZ,no official annotation,78,"array([0.58231257, 0.74667588])"
1719,11261332,right,3882998,DN-SEZ,no official annotation,52,"array([0.67550544, 0.82818734])"
1720,11934261,,-1,,,0,"array([0.66542361, 0.82901065])"
1721,16675987,left,13646473,DN-VNC,no official annotation,88,"array([0.6405977, 0.7155761])"
1722,17448356,left,13675374,pre-DN-VNC,no official annotation,87,"array([0.62146791, 0.7080288 ])"
1723,7025831,left,5782947,pre-DN-VNC,no official annotation,89,"array([0.57390455, 0.70578254])"
1724,14342744,left,15618614,CN,no official annotation,80,"array([0.59729936, 0.76076258])"
1725,16547268,left,15732485,pre-DN-SEZ,no official annotation,80,"array([0.64281064, 0.75289118])"
1726,12000033,left,9750356,DN-SEZ,no official annotation,4,"array([0.56157314, 0.88238157])"
1727,9069084,right,15525794,pre-DN-VNC,no official annotation,91,"array([0.59467327, 0.7121426 ])"
1728,13948718,right,3945136,pre-DN-VNC,no official annotation,71,"array([0.67717803, 0.83848814])"
1729,10411574,left,17379420,DN-VNC,CN-28; PL-17,62,"array([0.63138493, 0.77517482])"
1730,7962986,,-1,,,0,"array([0.59125233, 0.85966571])"
1731,17355860,,-1,,,0,"array([0.59125059, 0.79201944])"
1732,4636432,left,9808146,LN,no official annotation,28,"array([0.5901251 , 0.88884463])"
1733,12422355,right,8810141,pre-DN-VNC,no official annotation,70,"array([0.67915002, 0.73231572])"
1734,8142831,left,17655000,pre-DN-VNC,PL-15,70,"array([0.68694277, 0.73199487])"
1735,3450442,left,4700078,PN,mPN; mPN iACT B2; mPN; olfactory 2nd_order PN; gustatory-external 2nd_order PN; thermo-warm 2nd_order PN,22,"array([0.57809293, 0.84855452])"
1736,7338309,left,17352470,DN-SEZ,no official annotation,83,"array([0.65106137, 0.88769557])"
1737,17543765,right,18123575,DN-VNC,no official annotation,70,"array([0.63579273, 0.67516695])"
1738,17587452,right,18087179,PN,gustatory-external 2nd_order PN,44,"array([0.59020678, 0.78417291])"
1739,5935744,right,9384504,pre-DN-VNC,no official annotation,78,"array([0.56945854, 0.73279052])"
1740,5167842,right,16547287,pre-DN-VNC,no official annotation,88,"array([0.6351277 , 0.69165806])"
1741,6156152,right,1622901,DN-VNC,no official annotation,87,"array([0.6360648 , 0.70162864])"
1742,17022668,left,12474164,DN-VNC,no official annotation,87,"array([0.63230467, 0.72537631])"
1743,9061235,left,13836327,CN,no official annotation,91,"array([0.59150006, 0.75826074])"
1744,17330632,right,15468308,CN,no official annotation,78,"array([0.63098252, 0.76309777])"
1745,17360022,left,9565674,pre-DN-VNC,no official annotation,44,"array([0.65823451, 0.80767295])"
1746,6554358,right,17776982,DN-SEZ,no official annotation,83,"array([0.67280888, 0.86330482])"
1747,10681487,,-1,,,0,"array([0.60601189, 0.8888772 ])"
1748,16838915,,-1,,,0,"array([0.64423791, 0.90153228])"
1749,17380092,right,4398543,CN,no official annotation,38,"array([0.64567253, 0.87453058])"
1750,18142558,right,10710503,LHN,no official annotation,53,"array([0.61133779, 0.84883844])"
1751,10756813,left,2648254,DN-SEZ,no official annotation,89,"array([0.58852368, 0.75770282])"
1752,8544824,,-1,,,0,"array([0.65027827, 0.89370039])"
1753,19051762,left,17913032,pre-DN-VNC,no official annotation,38,"array([0.63877376, 0.88828979])"
1754,8943485,right,5959820,pre-DN-SEZ,no official annotation,28,"array([0.58992722, 0.89614753])"
1755,17806341,right,4680995,LHN,LHN-4; PL-2; noci 2nd_order PN,47,"array([0.63443732, 0.83709722])"
1756,16428373,left,5369028,pre-DN-VNC,no official annotation,62,"array([0.62232463, 0.82400912])"
1757,12030078,right,17354403,DN-VNC,no official annotation,70,"array([0.69698741, 0.74036478])"
1758,14756061,right,12551020,pre-DN-VNC,no official annotation,73,"array([0.65308858, 0.781052  ])"
1759,17755491,right,17000062,pre-DN-VNC,no official annotation,80,"array([0.63675848, 0.75843151])"
1760,17658978,right,5680013,DN-VNC,no official annotation,68,"array([0.70583731, 0.80001757])"
1761,4017464,right,7057730,pre-DN-VNC,no official annotation,87,"array([0.62818288, 0.6986608 ])"
1762,11356523,right,12364717,pre-DN-SEZ,no official annotation,67,"array([0.62049967, 0.83751658])"
1763,16841026,,-1,,,0,"array([0.65439791, 0.83014831])"
1764,16434842,right,3928522,RGN,no official annotation,56,"array([0.62875478, 0.91063833])"
1765,17383431,left,9532295,pre-DN-VNC,no official annotation,84,"array([0.62536656, 0.72204787])"
1766,8709865,right,16931001,pre-DN-VNC,no official annotation,78,"array([0.64008105, 0.7651785 ])"
1767,10945581,,-1,,,0,"array([0.64473904, 0.81010601])"
1768,9532295,right,17383431,pre-DN-VNC,no official annotation,84,"array([0.63884817, 0.73429009])"
1769,3932136,right,14818307,LHN,no official annotation,43,"array([0.63650429, 0.86642304])"
1770,8124177,right,9940382,PN,vPN; visual 2nd_order PN,31,"array([0.61409709, 0.86181188])"
1771,15985265,,-1,,,0,"array([0.66765913, 0.87716757])"
1772,14519756,left,7467027,pre-DN-VNC,no official annotation,46,"array([0.66647283, 0.85557633])"
1773,17327188,,-1,,,0,"array([0.64940472, 0.90210485])"
1774,3167039,,-1,,,0,"array([0.68029845, 0.88440565])"
1775,3930411,right,11193510,LHN,no official annotation,38,"array([0.59848138, 0.9021969 ])"
1776,4398543,left,17380092,CN,no official annotation,38,"array([0.6462503 , 0.86659602])"
1777,13665529,right,18648531,CN,no official annotation,44,"array([0.63130356, 0.84326949])"
1778,19857573,right,12356747,MB-FFN,FFN-11,53,"array([0.63215434, 0.82540827])"
1779,4101621,right,5963873,LHN,no official annotation,53,"array([0.58415534, 0.83578019])"
1780,7571966,right,15639294,DN-VNC,no official annotation,63,"array([0.64991848, 0.95091418])"
1781,15676571,right,16799939,CN,no official annotation,43,"array([0.62901925, 0.8545066 ])"
1782,9806510,,-1,,,0,"array([0.65467709, 0.82402511])"
1783,16345627,left,16671014,pre-DN-VNC,PL-22,85,"array([0.59376668, 0.73340637])"
1784,4591713,right,14999928,pre-DN-VNC,PL-21,85,"array([0.59596186, 0.72566677])"
1785,16799939,left,15676571,CN,no official annotation,43,"array([0.63639743, 0.84473448])"
1786,10955244,left,11248536,LHN,no official annotation,38,"array([0.65055297, 0.87848676])"
1787,10658673,,-1,,,0,"array([0.62039011, 0.85439876])"
1788,17756162,right,13395814,pre-DN-SEZ,no official annotation,56,"array([0.63636729, 0.85943616])"
1789,3815483,right,2379529,LHN,no official annotation,38,"array([0.63773171, 0.88253851])"
1790,14333371,left,2932028,LHN,no official annotation,38,"array([0.60299142, 0.87982446])"
1791,16846902,right,18500915,CN,no official annotation,62,"array([0.68059021, 0.80336145])"
1792,18648531,left,13665529,CN,no official annotation,44,"array([0.63710503, 0.83723355])"
1793,2979675,left,7422253,pre-DN-VNC,no official annotation,48,"array([0.67716144, 0.85434377])"
1794,8640212,,-1,,,0,"array([0.64200976, 0.87070907])"
1795,4228105,right,10918898,pre-DN-VNC,no official annotation,69,"array([0.57276648, 0.74589931])"
1796,12585379,,-1,,,0,"array([0.6346109 , 0.82553699])"
1797,9201911,left,17591687,LHN,no official annotation,38,"array([0.61909447, 0.85180724])"
1798,8348277,left,18302665,pre-DN-VNC,no official annotation,37,"array([0.67518208, 0.87471099])"
1799,16928740,left,15560623,DN-VNC,no official annotation,70,"array([0.60032478, 0.7600169 ])"
1800,5747036,,-1,,,0,"array([0.6512225 , 0.82273974])"
1801,11050498,right,17804729,pre-DN-VNC,no official annotation,50,"array([0.69213876, 0.80870794])"
1802,7005145,left,7590264,DN-VNC,no official annotation,80,"array([0.67691348, 0.80498789])"
1803,10609443,left,6114695,DN-VNC,no official annotation,52,"array([0.68782075, 0.84563204])"
1804,10893103,left,9720614,PN-somato,noci 2nd_order PN,46,"array([0.69432585, 0.83487453])"
1805,17732334,left,16347786,DN-VNC,no official annotation,70,"array([0.68665548, 0.74669245])"
1806,18076102,left,17654514,DN-VNC,no official annotation,89,"array([0.58989409, 0.68301089])"
1807,4433197,,-1,,,0,"array([0.56048844, 0.75724703])"
1808,5680013,left,17658978,DN-VNC,no official annotation,68,"array([0.69286205, 0.80369566])"
1809,10710503,left,18142558,LHN,no official annotation,53,"array([0.60205576, 0.85576683])"
1810,3727026,right,3926669,RGN,no official annotation,63,"array([0.68447779, 0.92638004])"
1811,9237370,,-1,,,0,"array([0.60883152, 0.88173084])"
1812,11029359,left,3232277,CN,no official annotation,44,"array([0.65805654, 0.85253714])"
1813,19718010,right,5606265,ascending,unknown modality,37,"array([0.58425112, 0.84146486])"
1814,17732791,left,15334461,DN-SEZ,no official annotation,44,"array([0.55940512, 0.86573272])"
1815,13795090,right,3543931,PN,gustatory-external 2nd_order PN; gustatory-pharyngeal 2nd_order PN,53,"array([0.60039505, 0.88214849])"
1816,10167116,right,17814107,DN-SEZ,no official annotation,4,"array([0.58335201, 0.92031068])"
1817,18123575,left,17543765,DN-VNC,no official annotation,70,"array([0.57788443, 0.70110124])"
1818,10473853,left,16355225,pre-DN-VNC,no official annotation,89,"array([0.60606742, 0.707453  ])"
1819,17356467,,-1,,,0,"array([0.56861129, 0.70598002])"
1820,8546775,right,16742642,pre-DN-SEZ,no official annotation,56,"array([0.6415838 , 0.85706221])"
1821,17913032,right,19051762,pre-DN-VNC,no official annotation,38,"array([0.62740378, 0.86757502])"
1822,6049565,right,8801736,pre-DN-VNC,PL-14,65,"array([0.63857175, 0.72685937])"
1823,2650887,right,10758204,pre-DN-VNC,no official annotation,74,"array([0.60574327, 0.75091124])"
1824,17340955,,-1,,,0,"array([0.59031661, 0.76374622])"
1825,17109286,left,6653450,pre-DN-SEZ,no official annotation,72,"array([0.59207829, 0.73843814])"
1826,9585145,right,2979486,LHN,no official annotation,35,"array([0.60950849, 0.85031998])"
1827,15732471,right,3814651,LHN,no official annotation,56,"array([0.60663835, 0.8708836 ])"
1828,16544462,,-1,,,0,"array([0.62282586, 0.7922591 ])"
1829,8755914,left,8741619,DN-VNC,no official annotation,38,"array([0.65906246, 0.86377997])"
1830,3765728,,-1,,,0,"array([0.62547599, 0.8533967 ])"
1831,19884188,,-1,,,0,"array([0.66503333, 0.78036414])"
1832,5745929,left,16617920,pre-DN-VNC,no official annotation,71,"array([0.66296601, 0.77702838])"
1833,7058243,left,15478720,MB-FFN,FFN-26,87,"array([0.62211349, 0.71512884])"
1834,1678567,left,6153877,DN-VNC,no official annotation,92,"array([0.61649361, 0.73820201])"
1835,17454636,left,15467736,pre-DN-VNC,no official annotation,92,"array([0.61911488, 0.7304291 ])"
1836,14656798,right,14492757,pre-DN-VNC,no official annotation,78,"array([0.64991907, 0.76622701])"
1837,10240382,left,5895651,pre-DN-VNC,no official annotation,84,"array([0.6557303 , 0.71644301])"
1838,15055590,left,14492880,pre-DN-VNC,no official annotation,78,"array([0.66963155, 0.73995359])"
1839,8161142,right,7025064,pre-DN-VNC,no official annotation,92,"array([0.64016012, 0.70980791])"
1840,13557064,right,10728333,DN-VNC,no official annotation,85,"array([0.64081967, 0.74782989])"
1841,18111410,left,4876839,pre-DN-VNC,no official annotation,78,"array([0.64944195, 0.75431   ])"
1842,11079069,left,10986253,pre-DN-VNC,no official annotation,68,"array([0.68608282, 0.79866726])"
1843,16667306,left,16520950,DN-VNC,no official annotation,91,"array([0.62369128, 0.68881352])"
1844,16342197,left,12031406,pre-DN-VNC,no official annotation,74,"array([0.63280658, 0.75077696])"
1845,9594273,left,16934932,pre-DN-VNC,PL-20,85,"array([0.60274545, 0.72716589])"
1846,12031406,right,16342197,pre-DN-VNC,no official annotation,74,"array([0.62977422, 0.75399854])"
1847,14651659,left,13760954,DN-VNC,no official annotation,86,"array([0.59692407, 0.75330069])"
1848,16444544,left,8981761,LHN,no official annotation,77,"array([0.62280249, 0.77938356])"
1849,12789813,left,16405545,CN,no official annotation,79,"array([0.62523484, 0.79421431])"
1850,16089738,left,9641919,CN,no official annotation,53,"array([0.61546264, 0.84830011])"
1851,10323628,left,8370111,PN,respiratory 2nd_order PN,76,"array([0.62093011, 0.77570593])"
1852,16554856,,-1,,,0,"array([0.61208886, 0.78213455])"
1853,10702736,left,14206030,CN,CN-16,64,"array([0.61658223, 0.8034063 ])"
1854,17087885,left,17324711,DN-SEZ,no official annotation,71,"array([0.66093182, 0.78848733])"
1855,19190681,right,17358891,DN-VNC,no official annotation,86,"array([0.63015953, 0.74319062])"
1856,16195633,right,3944626,DN-SEZ,no official annotation,73,"array([0.64935517, 0.80452961])"
1857,8047280,left,7587948,DN-VNC,no official annotation,68,"array([0.70292544, 0.82354033])"
1858,8529400,left,7449767,pre-DN-VNC,no official annotation,18,"array([0.733345  , 0.81871872])"
1859,16630479,,-1,,,0,"array([0.68393873, 0.85936581])"
1860,9372642,left,9842000,RGN,no official annotation,56,"array([0.63359487, 0.90802921])"
1861,9288827,,-1,,,0,"array([0.61943239, 0.87785302])"
1862,17384874,right,15576292,pre-DN-SEZ,no official annotation,67,"array([0.65490942, 0.84476734])"
1863,15608953,left,15632120,pre-DN-VNC,no official annotation,50,"array([0.66933509, 0.84166607])"
1864,12360656,left,17819985,PN,gustatory-external 2nd_order PN,44,"array([0.64237198, 0.87756647])"
1865,10885466,left,12548756,pre-DN-VNC,no official annotation,50,"array([0.66906819, 0.8449978 ])"
1866,3945225,left,3793681,PN,gut 2nd_order PN; mechano-II/III 2nd_order PN,54,"array([0.62037781, 0.85832127])"
1867,8814922,right,16160495,MB-FBN,FB2N-16,75,"array([0.59614511, 0.84020675])"
1868,8765298,,-1,,,0,"array([0.62993575, 0.90488328])"
1869,17334530,,-1,,,0,"array([0.63493532, 0.77908528])"
1870,17358891,left,19190681,DN-VNC,no official annotation,86,"array([0.60198556, 0.75559884])"
1871,16444548,,-1,,,0,"array([0.62790424, 0.80774247])"
1872,15478720,right,7058243,MB-FFN,FFN-26,87,"array([0.62964577, 0.71328011])"
1873,10728328,left,18464581,DN-VNC,no official annotation,85,"array([0.65044715, 0.74055827])"
1874,17380080,right,3060480,pre-DN-VNC,no official annotation,50,"array([0.68474748, 0.84321161])"
1875,16316981,right,13833814,DN-SEZ,no official annotation,44,"array([0.55382412, 0.93789756])"
1876,15522777,right,11671564,sensory,gustatory-pharyngeal,3,"array([0.55408483, 0.92428462])"
1877,12279909,left,8471817,pre-DN-SEZ,no official annotation,66,"array([0.64977457, 0.82944118])"
1878,16388736,right,10921106,DN-VNC,no official annotation,85,"array([0.647778  , 0.74976459])"
1879,8007556,right,16340998,MB-FFN,FFN-25,78,"array([0.62408757, 0.76257686])"
1880,4319395,right,4778745,LHN,no official annotation,38,"array([0.61709166, 0.85941017])"
1881,869360,right,17359133,DN-SEZ,no official annotation,5,"array([0.55391343, 0.91896325])"
1882,17732270,left,6125806,DN-VNC,no official annotation,23,"array([0.73659902, 0.8374224 ])"
1883,17777031,left,15672263,DN-VNC,no official annotation,88,"array([0.63574076, 0.71075568])"
1884,6219781,right,5322337,LN,no official annotation,3,"array([0.55353505, 0.90695614])"
1885,2557644,right,17356454,DN-SEZ,no official annotation,4,"array([0.54798424, 0.91747585])"
1886,865151,right,17359101,DN-SEZ,no official annotation,9,"array([0.58426583, 1.01486745])"
1887,17359101,left,865151,DN-SEZ,no official annotation,9,"array([0.57027925, 1.01562503])"
1888,18695745,left,17587734,DN-SEZ,no official annotation,88,"array([0.57551061, 0.68863468])"
1889,19785305,,-1,,,0,"array([0.58159657, 0.69677633])"
1890,10785260,,-1,,,0,"array([0.58564492, 0.73478624])"
1891,9822593,left,15023987,pre-DN-VNC,no official annotation,26,"array([0.6911918 , 0.86312972])"
1892,2504517,right,10317031,pre-DN-VNC,no official annotation,70,"array([0.67455254, 0.73273349])"
1893,6125806,right,17732270,DN-VNC,no official annotation,23,"array([0.73368974, 0.84547413])"
1894,12884490,right,12367568,PN-somato,mechano-Ch 2nd_order PN,18,"array([0.74058533, 0.82530824])"
1895,3729496,left,3762317,DN-SEZ,no official annotation,63,"array([0.65967494, 0.89017338])"
1896,19010160,right,5690425,DN-VNC,no official annotation,68,"array([0.68855755, 0.81154712])"
1897,17729973,left,10870424,pre-DN-VNC,no official annotation,71,"array([0.67203776, 0.81238569])"
1898,17360286,left,17360225,pre-DN-VNC,no official annotation,14,"array([0.75340014, 0.84308379])"
1899,9481869,left,14762026,PN-somato,mechano-Ch 2nd_order PN,27,"array([0.70579724, 0.86505103])"
1900,17464168,left,8641784,PN-somato,mechano-Ch 2nd_order PN,18,"array([0.74098083, 0.85859891])"
1901,14531828,right,8644484,ascending,mechano-Ch,23,"array([0.79062177, 0.84355902])"
1902,5783868,right,9006142,CN,no official annotation,54,"array([0.60312551, 0.85105597])"
1903,18604097,right,17353986,DN-VNC,no official annotation,86,"array([0.65077572, 0.73416882])"
1904,11756023,,-1,,,0,"array([0.76184229, 0.85048675])"
1905,13003574,,-1,,,0,"array([0.60589396, 0.70169229])"
1906,15005403,left,15894178,DN-VNC,no official annotation,91,"array([0.61255673, 0.72112538])"
1907,37365,left,-1,sensory,visual,0,"array([0.67039095, 0.97680356])"
1908,40152,left,15573396,sensory,gut,63,"array([0.64832393, 0.96028162])"
1909,677717,right,-1,KC,KC,49,"array([0.51997746, 0.82589879])"
1910,766246,right,-1,sensory,visual,8,"array([0.50022433, 0.88882386])"
1911,900032,right,-1,sensory,visual,0,"array([0.44803487, 0.89823056])"
1912,902038,right,-1,sensory,visual,0,"array([0.46201543, 0.90437714])"
1913,902877,right,-1,sensory,visual,8,"array([0.50282787, 0.89691128])"
1914,945309,right,1415168,sensory,gut,13,"array([0.57056859, 1.05325071])"
1915,946481,right,-1,sensory,visual,0,"array([0.45971928, 0.89411285])"
1916,992646,left,15599768,DN-SEZ,no official annotation,24,"array([0.55433703, 1.01567804])"
1917,1011675,left,15541944,sensory,gustatory-pharyngeal,52,"array([0.67020643, 0.90603323])"
1918,1065967,right,17102002,DN-VNC,no official annotation,70,"array([0.68221433, 0.78569354])"
1919,1367171,left,15559195,sensory,gut,63,"array([0.62899765, 0.95613306])"
1920,1375101,left,6883831,sensory,gut,20,"array([0.6118302 , 0.98652985])"
1921,1377586,left,15562137,sensory,gut,20,"array([0.65683364, 0.96954595])"
1922,1391179,left,15573381,sensory,gut,21,"array([0.6535993 , 0.98155976])"
1923,1392771,left,15563553,sensory,gut,20,"array([0.62157723, 0.95826251])"
1924,1395971,left,15574231,sensory,gut,63,"array([0.65745311, 0.95983155])"
1925,1400725,left,15561413,sensory,gut,20,"array([0.64555702, 0.97756373])"
1926,1414206,left,15564807,sensory,gut,21,"array([0.62358627, 0.9921891 ])"
1927,1415168,left,945309,sensory,gut,13,"array([0.60755012, 1.07879362])"
1928,1419315,left,15575232,sensory,gut,9,"array([0.58085909, 1.07766979])"
1929,1427012,left,15547732,sensory,gut,6,"array([0.57817589, 1.06836333])"
1930,1428271,left,15572414,sensory,gut,11,"array([0.62711995, 1.08729508])"
1931,1429969,left,15543068,sensory,gut,24,"array([0.63704608, 1.06028382])"
1932,1431256,left,9716858,sensory,gut,20,"array([0.61613195, 1.09857609])"
1933,1432836,left,15564782,sensory,gut,11,"array([0.63079477, 1.1018366 ])"
1934,1591351,right,8349454,PN,FFN-30; gustatory-external 2nd_order PN; gustatory-pharyngeal 2nd_order PN,22,"array([0.60557969, 0.87702734])"
1935,1679034,left,14374534,pre-DN-VNC,no official annotation,78,"array([0.58669517, 0.74675487])"
1936,1706716,left,15541976,sensory,gustatory-pharyngeal,5,"array([0.55345879, 0.94324776])"
1937,1709802,left,15532105,sensory,gustatory-pharyngeal,24,"array([0.48143726, 1.10935234])"
1938,1715990,left,15573331,sensory,gustatory-pharyngeal,5,"array([0.57722232, 0.94289769])"
1939,1805669,right,18501001,pre-DN-VNC,no official annotation,71,"array([0.67342312, 0.78130227])"
1940,1856512,right,-1,sensory,visual,0,"array([0.43743141, 0.88419153])"
1941,1869592,,-1,,,0,"array([0.57112052, 0.87477045])"
1942,1924051,left,17698681,DN-SEZ,no official annotation,13,"array([0.55498768, 1.00384494])"
1943,1980134,left,7982307,DN-VNC,no official annotation,71,"array([0.697424  , 0.77671084])"
1944,2138427,left,5038703,RGN,no official annotation,63,"array([0.71677287, 0.9221189 ])"
1945,2200028,left,-1,sensory,visual,0,"array([0.65070085, 0.98832546])"
1946,2206279,left,-1,sensory,visual,0,"array([0.6821943 , 0.96221389])"
1947,2209091,left,-1,sensory,visual,8,"array([0.66084547, 0.94686848])"
1948,2215247,left,-1,sensory,visual,0,"array([0.69012694, 0.98532473])"
1949,2215447,left,-1,sensory,visual,0,"array([0.67212307, 0.94631821])"
1950,2215622,left,-1,sensory,visual,0,"array([0.67111013, 0.98602811])"
1951,2216131,left,-1,sensory,visual,0,"array([0.6619409 , 0.97466722])"
1952,2216187,left,-1,sensory,visual,8,"array([0.66630526, 0.94173916])"
1953,2216445,left,-1,sensory,visual,0,"array([0.66637064, 0.96597285])"
1954,2260755,right,10418394,RGN,no official annotation,63,"array([0.68438829, 0.93311063])"
1955,2283495,right,4453485,RGN,no official annotation,83,"array([0.64787008, 0.91053691])"
1956,2284021,left,2456826,sensory,gut,83,"array([0.62511973, 0.91336515])"
1957,2340336,right,13744425,sensory,gut,83,"array([0.61984566, 0.91928379])"
1958,2355126,right,3046503,RGN,no official annotation,83,"array([0.66262129, 0.92242277])"
1959,2357110,right,12634154,RGN,no official annotation,83,"array([0.63424198, 0.94054918])"
1960,2379544,,-1,,,0,"array([0.63424296, 0.89165557])"
1961,2438653,left,10627239,pre-DN-VNC,no official annotation,50,"array([0.65817917, 0.84632663])"
1962,2439150,left,11851588,LHN,no official annotation,56,"array([0.62746868, 0.87303474])"
1963,2456826,right,2284021,sensory,gut,83,"array([0.62081046, 0.90987394])"
1964,2505266,right,19881737,PN-somato,proprio 2nd_order PN,72,"array([0.65052409, 0.72551033])"
1965,2512602,right,2204467,PN,Pdf-LaNs; visual 2nd_order PN,25,"array([0.48306821, 0.88188871])"
1966,2532841,right,-1,sensory,visual,0,"array([0.48763101, 0.90628261])"
1967,2544902,right,-1,sensory,visual,0,"array([0.47238607, 0.87815547])"
1968,2552701,right,-1,sensory,visual,23,"array([0.48796075, 0.87255515])"
1969,2619565,right,2816457,ascending,A00c_a5; noci,23,"array([0.70752438, 0.82471916])"
1970,2648254,right,10756813,DN-SEZ,no official annotation,89,"array([0.60298991, 0.74927955])"
1971,2655798,right,10728323,DN-SEZ,no official annotation,52,"array([0.7138926 , 0.80631197])"
1972,2659386,right,4523584,RGN,no official annotation,83,"array([0.65972476, 0.93457422])"
1973,2659504,right,15629759,pre-DN-VNC,no official annotation,70,"array([0.69022232, 0.75573923])"
1974,2667980,,-1,,,0,"array([0.65475357, 0.7843187 ])"
1975,2669331,,-1,,,0,"array([0.67335913, 0.80046838])"
1976,2669844,right,15897280,DN-VNC,no official annotation,80,"array([0.69236371, 0.75991904])"
1977,2775707,right,16087799,PN,Pdf-LaNs; visual 2nd_order PN,25,"array([0.53840021, 0.89950051])"
1978,2784471,right,2123422,ascending,mechano-Ch,14,"array([0.75240714, 0.85679137])"
1979,2846555,right,5755261,PN-somato,mechano-Ch 2nd_order PN,18,"array([0.71117626, 0.8359731 ])"
1980,2852273,right,4506509,RGN,no official annotation,83,"array([0.62975411, 0.93044929])"
1981,2854715,,-1,,,0,"array([0.63180976, 0.86325034])"
1982,2878185,,-1,,,0,"array([0.73346176, 0.81451303])"
1983,2910892,left,2885630,PN-somato,mechano-Ch 2nd_order PN,14,"array([0.75688951, 0.87799362])"
1984,2935173,right,3946432,LHN,_WS,56,"array([0.6228368 , 0.89870754])"
1985,2935198,right,4785242,LN,no official annotation,56,"array([0.60706348, 0.89749732])"
1986,2964760,left,10855798,pre-DN-VNC,no official annotation,44,"array([0.62410259, 0.80009477])"
1987,3027876,right,9424902,DN-SEZ,no official annotation,73,"array([0.64474299, 0.81284909])"
1988,3032520,left,15640425,sensory,gustatory-pharyngeal,9,"array([0.47101921, 1.0539632 ])"
1989,3036249,left,15672957,sensory,gustatory-pharyngeal,11,"array([0.47880156, 0.96952454])"
1990,3046503,left,2355126,RGN,no official annotation,83,"array([0.65736438, 0.91009578])"
1991,3048606,left,3009700,DN-VNC,no official annotation,50,"array([0.68794741, 0.83874539])"
1992,3050645,left,15639548,sensory,gustatory-pharyngeal,11,"array([0.46231306, 0.96969027])"
1993,3071301,right,15716127,sensory,gustatory-external,4,"array([0.60716478, 0.92421208])"
1994,3123905,right,15717935,sensory,gustatory-pharyngeal,5,"array([0.50287781, 0.91730204])"
1995,3158085,right,2597151,pre-DN-VNC,no official annotation,67,"array([0.63765387, 0.89196688])"
1996,3166745,,-1,,,0,"array([0.73005703, 0.84411871])"
1997,3166836,,-1,,,0,"array([0.69284303, 0.82377306])"
1998,3192952,right,15998753,sensory,gustatory-pharyngeal,16,"array([0.65309399, 1.01601686])"
1999,3220616,left,16278312,ascending,unknown modality,23,"array([0.72403598, 0.78775308])"
2000,3267019,left,15612241,sensory,gustatory-external,11,"array([0.40169239, 0.97662147])"
2001,3281684,left,15202263,RGN,no official annotation,83,"array([0.66660074, 0.91395736])"
2002,3414508,right,3498479,DN-SEZ,no official annotation,83,"array([0.623616  , 0.88970465])"
2003,3486867,left,5478818,DN-SEZ,PL-1,5,"array([0.58220413, 0.95402187])"
2004,3487306,right,3609202,sensory,thermo-cold,5,"array([0.53988968, 0.92376099])"
2005,3522293,right,-1,KC,KC,49,"array([0.53016252, 0.82917466])"
2006,3538129,right,6451332,PN,mPN; mPN D; mPN; olfactory 2nd_order PN,22,"array([0.59484842, 0.86850787])"
2007,3543931,left,13795090,PN,gustatory-external 2nd_order PN; gustatory-pharyngeal 2nd_order PN,53,"array([0.58897876, 0.87150227])"
2008,3556191,right,15770032,sensory,gut,63,"array([0.63085434, 0.97767558])"
2009,3561724,right,10329208,RGN,no official annotation,83,"array([0.6334769 , 0.92639106])"
2010,3562954,right,15678833,sensory,gustatory-external,11,"array([0.38985068, 0.92652173])"
2011,3571478,right,3564452,ascending,unknown modality,86,"array([0.65042828, 0.78153095])"
2012,3586984,left,3966683,sensory,gustatory-external,3,"array([0.5682872 , 0.90796799])"
2013,3608397,left,3650600,sensory,thermo-cold,5,"array([0.50858143, 0.89080254])"
2014,3609202,left,3487306,sensory,thermo-cold,5,"array([0.51749365, 0.9027057 ])"
2015,3639968,left,18630153,sensory,thermo-cold,5,"array([0.51189691, 0.91022313])"
2016,3650600,right,3608397,sensory,thermo-cold,5,"array([0.51849097, 0.91744832])"
2017,3652587,left,3822523,sensory,gustatory-external,5,"array([0.61375088, 0.93905671])"
2018,3726990,,-1,,,0,"array([0.61290667, 0.89118814])"
2019,3727004,right,3926438,RGN,no official annotation,63,"array([0.69379294, 0.95793482])"
2020,3729504,right,3945394,PN,gut 2nd_order PN; mechano-II/III 2nd_order PN,54,"array([0.6059182 , 0.87418013])"
2021,3732322,right,19470184,DN-SEZ,no official annotation,24,"array([0.57133465, 1.03894227])"
2022,3762787,right,7476468,RGN,no official annotation,63,"array([0.71799602, 0.91292022])"
2023,3793760,right,3931398,PN-somato,mechano-II/III 2nd_order PN,67,"array([0.62406118, 0.83950188])"
2024,3794023,right,4379508,LHN,no official annotation,56,"array([0.62528096, 0.88074994])"
2025,3795498,right,15996518,sensory,gustatory-pharyngeal,5,"array([0.62076513, 0.93594692])"
2026,3797420,left,5558724,DN-SEZ,no official annotation,5,"array([0.58263764, 1.00260474])"
2027,3822523,right,3652587,sensory,gustatory-external,5,"array([0.59479619, 0.93677599])"
2028,3844961,right,11934107,PN,gustatory-external 2nd_order PN,31,"array([0.64612718, 0.88183795])"
2029,3882998,left,11261332,DN-SEZ,no official annotation,52,"array([0.67646371, 0.82446487])"
2030,3913620,right,9409359,CN,CN-6,64,"array([0.61935031, 0.79452257])"
2031,3915835,left,5638694,sensory,respiratory,63,"array([0.68791734, 0.91334723])"
2032,3925724,left,5955853,RGN,no official annotation,63,"array([0.69943117, 0.90530319])"
2033,3926438,left,3727004,RGN,no official annotation,63,"array([0.69659157, 0.91155386])"
2034,3926669,left,3727026,RGN,no official annotation,63,"array([0.70392678, 0.93046402])"
2035,3926904,left,7529574,RGN,no official annotation,63,"array([0.70494393, 0.92237213])"
2036,3928522,left,16434842,RGN,no official annotation,56,"array([0.64015867, 0.91782883])"
2037,3928574,left,5890323,RGN,no official annotation,52,"array([0.64223168, 0.92519234])"
2038,3928652,left,12704360,RGN,no official annotation,25,"array([0.61961131, 0.92887363])"
2039,3931398,left,3793760,PN-somato,mechano-II/III 2nd_order PN,67,"array([0.62863206, 0.84529187])"
2040,3944330,left,15732050,DN-SEZ,no official annotation,65,"array([0.64377026, 0.83255985])"
2041,3944626,left,16195633,DN-SEZ,no official annotation,73,"array([0.65014195, 0.80695406])"
2042,3945136,left,13948718,pre-DN-VNC,no official annotation,71,"array([0.66899033, 0.83479497])"
2043,3945232,left,9841469,PN,FFN-4; FFN-5; gustatory-pharyngeal 2nd_order PN; gut 2nd_order PN,54,"array([0.6221247 , 0.89453768])"
2044,3945394,left,3729504,PN,gut 2nd_order PN; mechano-II/III 2nd_order PN,54,"array([0.63009031, 0.86077847])"
2045,3946166,left,3620633,DN-VNC,no official annotation,66,"array([0.65533845, 0.86166961])"
2046,3946364,,-1,,,0,"array([0.63642908, 0.86929184])"
2047,3946569,left,8813113,LHN,no official annotation,38,"array([0.64149676, 0.89772797])"
2048,4030526,right,5095269,sensory,gustatory-external,9,"array([0.39843589, 0.89257865])"
2049,4044654,right,5120990,sensory,gustatory-external,-1,"array([0.71400312, 1.00399897])"
2050,4059758,right,5116861,sensory,gustatory-external,9,"array([0.45429066, 0.83218755])"
2051,4061049,right,7012280,sensory,respiratory,21,"array([0.7116877 , 0.96358195])"
2052,4096703,right,5120097,sensory,gustatory-external,5,"array([0.41312903, 0.88418487])"
2053,4110483,left,17587726,DN-VNC,no official annotation,70,"array([0.71012561, 0.75179842])"
2054,4127096,right,5760480,pre-DN-VNC,no official annotation,86,"array([0.64058787, 0.76845513])"
2055,4127938,,-1,,,0,"array([0.7322423 , 0.85783964])"
2056,4142619,right,13028455,pre-DN-VNC,no official annotation,89,"array([0.59237399, 0.69989873])"
2057,4173633,right,18267838,pre-DN-VNC,no official annotation,84,"array([0.58882689, 0.7111538 ])"
2058,4188325,right,11468088,pre-DN-VNC,no official annotation,87,"array([0.63559016, 0.70655031])"
2059,4227880,right,17177419,pre-DN-VNC,no official annotation,69,"array([0.57756982, 0.74519124])"
2060,4234559,,-1,,,0,"array([0.57817389, 0.75378532])"
2061,4279887,left,10293348,LHN,no official annotation,28,"array([0.58592448, 0.88667117])"
2062,4363883,left,5382876,sensory,respiratory,21,"array([0.67864843, 0.9771983 ])"
2063,4379603,left,8307514,LHN,no official annotation,53,"array([0.58885919, 0.84621174])"
2064,4390116,right,17360404,pre-DN-VNC,no official annotation,89,"array([0.59509724, 0.68850759])"
2065,4400767,left,13751194,RGN,no official annotation,52,"array([0.66761047, 0.9195255 ])"
2066,4409374,,-1,,,0,"array([0.57725691, 0.75024596])"
2067,4453485,left,2283495,RGN,no official annotation,83,"array([0.6414836 , 0.93009919])"
2068,4506509,left,2852273,RGN,no official annotation,83,"array([0.64175775, 0.93861141])"
2069,4523584,left,2659386,RGN,no official annotation,83,"array([0.6525522 , 0.90810639])"
2070,4541081,right,8216541,DN-SEZ,no official annotation,24,"array([0.54483888, 0.98062482])"
2071,4555763,left,5108525,ascending,noci,23,"array([0.70246364, 0.80309878])"
2072,4598109,right,15253921,MBON,MBON-f1,64,"array([0.58982449, 0.86793711])"
2073,4700078,right,3450442,PN,mPN; mPN iACT B2; mPN; olfactory 2nd_order PN; gustatory-external 2nd_order PN; thermo-warm 2nd_order PN,22,"array([0.58883579, 0.85637976])"
2074,4778745,left,4319395,LHN,no official annotation,38,"array([0.63460277, 0.85697849])"
2075,4785242,left,2935198,LN,no official annotation,56,"array([0.61818883, 0.90369689])"
2076,4847079,right,16950097,pre-DN-VNC,no official annotation,80,"array([0.63538767, 0.75423503])"
2077,4874953,left,5469039,RGN,no official annotation,63,"array([0.68973941, 0.93947641])"
2078,4901087,left,18133444,pre-DN-VNC,no official annotation,71,"array([0.65629439, 0.83609644])"
2079,4917442,right,15512408,pre-DN-VNC,no official annotation,87,"array([0.63351685, 0.68640772])"
2080,4926999,left,21664445,LN,no official annotation,28,"array([0.57752654, 0.89525433])"
2081,4966994,left,16578252,pre-DN-VNC,PL-23,85,"array([0.62068231, 0.74197444])"
2082,5033480,left,5700090,pre-DN-VNC,no official annotation,50,"array([0.68595648, 0.84888368])"
2083,5038703,right,2138427,RGN,no official annotation,63,"array([0.70771345, 0.94711283])"
2084,5038920,right,5688091,DN-SEZ,no official annotation,31,"array([0.66979555, 0.88689467])"
2085,5052370,right,16952691,DN-VNC,no official annotation,87,"array([0.64591715, 0.70910507])"
2086,5053417,left,16188942,PN,gustatory-external 2nd_order PN; gustatory-pharyngeal 2nd_order PN,35,"array([0.57881652, 0.86029348])"
2087,5057916,left,16115501,sensory,gustatory-external,6,"array([0.46245827, 0.82161783])"
2088,5080991,left,10959064,pre-DN-VNC,no official annotation,23,"array([0.73211463, 0.80622921])"
2089,5088293,left,4097554,sensory,gustatory-external,4,"array([0.58108225, 0.89719145])"
2090,5095269,left,4030526,sensory,gustatory-external,9,"array([0.45981497, 0.79398511])"
2091,5116861,left,4059758,sensory,gustatory-external,9,"array([0.42476012, 0.84124121])"
2092,5120097,left,4096703,sensory,gustatory-external,5,"array([0.37760359, 0.80954864])"
2093,5120990,left,4044654,sensory,gustatory-external,-1,"array([0.4115841 , 0.77753137])"
2094,5162462,right,12420898,pre-DN-VNC,no official annotation,86,"array([0.66640254, 0.73665389])"
2095,5163599,,-1,,,0,"array([0.62833174, 0.70504062])"
2096,5186443,,-1,,,0,"array([0.61213524, 0.82393613])"
2097,5186461,left,9853425,sensory,gustatory-external,3,"array([0.58005842, 0.90235114])"
2098,5261424,left,4679139,PN,mPN; mPN iACT A2; mPN; olfactory 2nd_order PN; gustatory-external 2nd_order PN; gustatory-pharyngeal 2nd_order PN,22,"array([0.59658517, 0.87946483])"
2099,5289042,left,9291938,LHN,no official annotation,28,"array([0.58748685, 0.89144495])"
2100,5319633,right,17053270,DN-VNC,no official annotation,84,"array([0.61476383, 0.74714166])"
2101,5382876,right,4363883,sensory,respiratory,21,"array([0.68566697, 0.97304197])"
2102,5448622,right,8055671,sensory,gustatory-external,5,"array([0.49045156, 0.91430882])"
2103,5469039,right,4874953,RGN,no official annotation,63,"array([0.70933425, 0.90609537])"
2104,5476653,right,13854190,pre-DN-SEZ,no official annotation,54,"array([0.58808232, 0.85289641])"
2105,5478818,right,3486867,DN-SEZ,PL-1,5,"array([0.59402153, 0.96550076])"
2106,5500958,right,7335439,DN-VNC,no official annotation,83,"array([0.64678432, 0.89061498])"
2107,5512988,right,15365184,DN-VNC,no official annotation,52,"array([0.69977167, 0.81181317])"
2108,5558724,right,3797420,DN-SEZ,no official annotation,5,"array([0.58824832, 0.99427524])"
2109,5559657,right,17423125,DN-SEZ,no official annotation,5,"array([0.56854459, 0.95432313])"
2110,5577650,,-1,,,0,"array([0.67214505, 0.82518454])"
2111,5590611,right,16906721,PN,gustatory-external 2nd_order PN; gustatory-pharyngeal 2nd_order PN,53,"array([0.59935649, 0.87849181])"
2112,5591201,right,13832416,PN,gustatory-external 2nd_order PN; gustatory-pharyngeal 2nd_order PN,44,"array([0.63542048, 0.87928591])"
2113,5592307,right,16316916,PN,FFN-37; gustatory-pharyngeal 2nd_order PN,35,"array([0.58202161, 0.87474027])"
2114,5601924,right,5615961,RGN,no official annotation,63,"array([0.69586646, 0.93043734])"
2115,5615961,left,5601924,RGN,no official annotation,63,"array([0.6976882 , 0.94162453])"
2116,5617164,left,10963761,sensory,respiratory,63,"array([0.68149308, 0.89288531])"
2117,5638694,right,3915835,sensory,respiratory,63,"array([0.68268789, 0.91873401])"
2118,5671303,left,8696919,pre-DN-VNC,no official annotation,52,"array([0.69718569, 0.8699427 ])"
2119,5678582,,-1,,,0,"array([0.62658826, 0.83381219])"
2120,5679304,left,8689148,MB-FFN,FFN-34,47,"array([0.64481725, 0.82494366])"
2121,5688091,left,5038920,DN-SEZ,no official annotation,31,"array([0.66853705, 0.87073155])"
2122,5689639,,-1,,,0,"array([0.6262976, 0.7733701])"
2123,5690425,left,19010160,DN-VNC,no official annotation,68,"array([0.6934697 , 0.81569513])"
2124,5700090,right,5033480,pre-DN-VNC,no official annotation,50,"array([0.6787875 , 0.84817157])"
2125,5708994,left,17654617,PN,gustatory-external 2nd_order PN; gustatory-pharyngeal 2nd_order PN,31,"array([0.64446551, 0.88445573])"
2126,5744058,left,4128002,PN-somato,noci 2nd_order PN,35,"array([0.6497685 , 0.83621588])"
2127,5744502,,-1,,,0,"array([0.74426823, 0.87977164])"
2128,5754346,left,3764792,DN-VNC,_telegoro-1,68,"array([0.68512411, 0.81492143])"
2129,5760480,left,4127096,pre-DN-VNC,no official annotation,86,"array([0.64548164, 0.78200221])"
2130,5763407,left,10945111,DN-VNC,no official annotation,52,"array([0.71814092, 0.82750235])"
2131,5764924,left,10947427,DN-SEZ,no official annotation,52,"array([0.72041524, 0.80223237])"
2132,5768240,left,1805418,pre-DN-SEZ,no official annotation,70,"array([0.68968992, 0.7507166 ])"
2133,5769582,left,9753418,PN-somato,noci 2nd_order PN,62,"array([0.66131725, 0.8098548 ])"
2134,5778133,left,21590958,pre-DN-VNC,no official annotation,14,"array([0.73770634, 0.88016343])"
2135,5790355,right,15513540,pre-DN-VNC,no official annotation,87,"array([0.63159316, 0.69431309])"
2136,5791548,right,15519213,CN,no official annotation,44,"array([0.64605818, 0.80725014])"
2137,5858788,,-1,,,0,"array([0.68330882, 0.72212127])"
2138,5865628,,-1,,,0,"array([0.72044395, 0.77043391])"
2139,5869204,right,6978585,RGN,no official annotation,83,"array([0.61839997, 0.91392022])"
2140,5890323,right,3928574,RGN,no official annotation,52,"array([0.60373378, 0.92815811])"
2141,5955853,right,3925724,RGN,no official annotation,63,"array([0.71427007, 0.93616688])"
2142,5956787,right,16683883,RGN,no official annotation,63,"array([0.69727269, 0.91992645])"
2143,5959820,left,8943485,pre-DN-SEZ,no official annotation,28,"array([0.60267118, 0.8836764 ])"
2144,5966099,right,3886356,MBIN,DAN-d1,57,"array([0.57667355, 0.79333454])"
2145,5975584,,-1,,,0,"array([0.66646015, 0.83583087])"
2146,5995125,right,17732311,DN-VNC,no official annotation,88,"array([0.66032644, 0.69340975])"
2147,6011278,,-1,,,0,"array([0.62524604, 0.88329489])"
2148,6111289,,-1,,,0,"array([0.61613515, 0.73461365])"
2149,6114695,right,10609443,DN-VNC,no official annotation,52,"array([0.69499087, 0.8426694 ])"
2150,6133702,,-1,,,0,"array([0.62499735, 0.86703444])"
2151,6153877,right,1678567,DN-VNC,no official annotation,92,"array([0.62733521, 0.73587481])"
2152,6154921,right,16952665,DN-VNC,no official annotation,89,"array([0.65318038, 0.6944714 ])"
2153,6155577,right,16952642,DN-VNC,no official annotation,89,"array([0.64653415, 0.68042833])"
2154,6182848,right,17110189,PN-somato,proprio 2nd_order PN,72,"array([0.56589528, 0.71706915])"
2155,6218461,right,11986594,PN,gustatory-external 2nd_order PN,37,"array([0.65503943, 0.89032995])"
2156,6219445,right,9842383,DN-SEZ,no official annotation,5,"array([0.57348718, 0.950356  ])"
2157,6250655,,-1,,,0,"array([0.62123894, 0.81641157])"
2158,6252764,right,15608355,PN,gustatory-external 2nd_order PN; gustatory-pharyngeal 2nd_order PN,8,"array([0.63816847, 0.91188735])"
2159,6446394,right,5462159,DN-VNC,no official annotation,68,"array([0.69783172, 0.79484918])"
2160,6494382,left,2963280,LHN,no official annotation,43,"array([0.63604382, 0.85400838])"
2161,6572414,left,13081886,DN-VNC,no official annotation,71,"array([0.66930341, 0.82029016])"
2162,6591182,left,6597872,LN,FB2N-11,73,"array([0.6213046 , 0.84057261])"
2163,6609380,right,16950115,pre-DN-VNC,no official annotation,87,"array([0.62311351, 0.74074619])"
2164,6623089,left,17897230,pre-DN-VNC,no official annotation,85,"array([0.6424216 , 0.73335735])"
2165,6653450,right,17109286,pre-DN-SEZ,no official annotation,72,"array([0.60698872, 0.72479477])"
2166,6699205,right,15810983,MBON,MBON-d2,64,"array([0.58402088, 0.79338373])"
2167,6700147,right,18929470,DN-VNC,no official annotation,89,"array([0.64494587, 0.71293269])"
2168,6702943,right,16561224,DN-SEZ,no official annotation,91,"array([0.62449557, 0.70598423])"
2169,6978585,left,5869204,RGN,no official annotation,83,"array([0.6652329 , 0.90208376])"
2170,7005184,left,7569260,DN-VNC,no official annotation,83,"array([0.68678639, 0.88689951])"
2171,7012280,left,4061049,sensory,respiratory,21,"array([0.71630107, 0.98597406])"
2172,7057730,left,4017464,pre-DN-VNC,no official annotation,87,"array([0.591159  , 0.69494991])"
2173,7124156,right,4206755,ascending,noci,88,"array([0.66969921, 0.72481464])"
2174,7160160,right,1347886,sensory,gustatory-pharyngeal,6,"array([0.53956691, 1.0102777 ])"
2175,7227010,left,16115575,DN-VNC,no official annotation,52,"array([0.71122794, 0.83962362])"
2176,7331555,right,7340629,sensory,respiratory,21,"array([0.67491835, 0.96651227])"
2177,7335439,left,5500958,DN-VNC,no official annotation,83,"array([0.64726478, 0.89825758])"
2178,7340629,left,7331555,sensory,respiratory,21,"array([0.6925894 , 0.96798003])"
2179,7422595,,-1,,,0,"array([0.64830417, 0.85093713])"
2180,7424178,left,15564882,sensory,gut,16,"array([0.59223932, 1.0878104 ])"
2181,7429933,right,8167696,pre-DN-VNC,no official annotation,48,"array([0.68102078, 0.84473169])"
2182,7439913,left,15934458,DN-VNC,no official annotation,86,"array([0.57500433, 0.72307091])"
2183,7476468,left,3762787,RGN,no official annotation,63,"array([0.69012379, 0.92138666])"
2184,7480731,left,-1,sensory,visual,8,"array([0.64421954, 0.94542985])"
2185,7483922,left,-1,sensory,visual,8,"array([0.67903703, 0.91261393])"
2186,7485368,right,-1,sensory,visual,8,"array([0.49717646, 0.8661936 ])"
2187,7529574,right,3926904,RGN,no official annotation,63,"array([0.72579256, 0.92327678])"
2188,7530253,right,16683943,RGN,no official annotation,63,"array([0.6775489 , 0.92426742])"
2189,7555204,right,-1,sensory,visual,23,"array([0.46784238, 0.91231443])"
2190,7557604,left,3276003,pre-DN-VNC,no official annotation,67,"array([0.63157664, 0.88599911])"
2191,7566199,right,-1,sensory,visual,0,"array([0.47461634, 0.91631863])"
2192,7568455,right,-1,sensory,visual,23,"array([0.4967802 , 0.87316369])"
2193,7573476,right,10527147,DN-SEZ,no official annotation,23,"array([0.71037754, 0.85530945])"
2194,7627878,right,16303262,sensory,respiratory,23,"array([0.67869606, 0.93588832])"
2195,7692008,,-1,,,0,"array([0.64954303, 0.86581002])"
2196,7778722,right,-1,sensory,visual,8,"array([0.50740644, 0.90165879])"
2197,7807684,,-1,,,0,"array([0.6186925 , 0.80847359])"
2198,7874184,right,9927082,PN,Pdf-LaNs; visual 2nd_order PN,25,"array([0.52872176, 0.90244256])"
2199,7955278,left,12026822,DN-SEZ,no official annotation,88,"array([0.63962959, 0.68213457])"
2200,7982307,right,1980134,DN-VNC,no official annotation,71,"array([0.69528506, 0.79015471])"
2201,7982324,right,5684940,DN-SEZ,no official annotation,52,"array([0.71083781, 0.8097811 ])"
2202,8025665,left,6190181,pre-DN-VNC,no official annotation,85,"array([0.60992639, 0.73732069])"
2203,8034919,right,12299621,LHN,CN-17,61,"array([0.6013062 , 0.84657072])"
2204,8057753,left,10949030,ascending,unknown modality,23,"array([0.74136003, 0.80680901])"
2205,8059283,left,14913093,ascending,proprio,88,"array([0.66706789, 0.69188914])"
2206,8118929,left,2775943,PN,Pdf-LaNs; visual 2nd_order PN,25,"array([0.63050807, 0.93608469])"
2207,8154054,left,858479,DN-SEZ,no official annotation,20,"array([0.58237215, 0.98775487])"
2208,8198913,right,10929797,ascending,mechano-Ch,18,"array([0.73255454, 0.82852669])"
2209,8216541,left,4541081,DN-SEZ,no official annotation,24,"array([0.53233442, 0.99290358])"
2210,8227502,right,4991243,DN-SEZ,no official annotation,4,"array([0.5781145 , 0.91756978])"
2211,8248706,left,-1,KC,KC,42,"array([0.53481775, 0.79188584])"
2212,8293958,left,3869488,PN,PN; tPN; gustatory-external 2nd_order PN; thermo-cold 2nd_order PN,28,"array([0.58151943, 0.86195896])"
2213,8310955,right,5938794,LHN,no official annotation,61,"array([0.58433383, 0.83876977])"
2214,8318813,right,11908619,CN,no official annotation,69,"array([0.55470978, 0.77412171])"
2215,8349553,right,8347613,LHN,no official annotation,31,"array([0.65335927, 0.85151811])"
2216,8391330,left,5993765,DN-VNC,no official annotation,52,"array([0.65910641, 0.74287922])"
2217,8412625,right,11291653,PN-somato,noci 2nd_order PN,46,"array([0.70393931, 0.82688763])"
2218,8423405,left,11137808,LHN,CN-3,47,"array([0.63686836, 0.82956624])"
2219,8447845,right,-1,sensory,visual,0,"array([0.47274214, 0.88882855])"
2220,8471817,right,12279909,pre-DN-SEZ,no official annotation,66,"array([0.66236926, 0.82958096])"
2221,8559525,,-1,,,0,"array([0.6720476 , 0.83344531])"
2222,8592501,right,17729335,pre-DN-VNC,no official annotation,68,"array([0.68198504, 0.78047298])"
2223,8639662,,-1,,,0,"array([0.63138536, 0.86849754])"
2224,8644484,left,14531828,ascending,mechano-Ch,23,"array([0.75937554, 0.8215314 ])"
2225,8670503,right,16098538,LHN,no official annotation,28,"array([0.60617365, 0.89223215])"
2226,8696919,right,5671303,pre-DN-VNC,no official annotation,52,"array([0.69076968, 0.82667617])"
2227,8705088,right,17420035,LHN,no official annotation,38,"array([0.62625269, 0.89807573])"
2228,8715940,,-1,,,0,"array([0.70348689, 0.85305729])"
2229,8717219,right,7952981,PN,vPN; visual 2nd_order PN,28,"array([0.53946408, 0.8880844 ])"
2230,8723267,right,12387154,LHN,no official annotation,38,"array([0.62433633, 0.87322807])"
2231,8723983,left,16115255,DN-VNC,no official annotation,70,"array([0.69461163, 0.70079181])"
2232,8741619,right,8755914,DN-VNC,no official annotation,38,"array([0.65446782, 0.85905152])"
2233,8790590,right,17015609,MB-FFN,FFN-38,-1,"array([0.53293028, 0.76102967])"
2234,8810739,right,15717426,sensory,gustatory-external,6,"array([0.48288865, 0.92243915])"
2235,8840343,,-1,,,0,"array([0.69601569, 0.80633331])"
2236,8842220,right,17962513,LHN,no official annotation,28,"array([0.60238357, 0.88741499])"
2237,8847957,right,13206239,LHN,LHN-3,53,"array([0.60091522, 0.86035693])"
2238,8951591,right,16051878,pre-DN-SEZ,no official annotation,66,"array([0.65105226, 0.83209338])"
2239,8954310,,-1,,,0,"array([0.74251235, 0.83795707])"
2240,8981761,right,16444544,LHN,no official annotation,77,"array([0.61741351, 0.78213159])"
2241,9015568,right,12587013,LHN,CN-39,74,"array([0.60645529, 0.77575528])"
2242,9051500,right,17108278,PN-somato,noci 2nd_order PN,85,"array([0.6462063 , 0.74186925])"
2243,9067063,right,17105218,pre-DN-VNC,PL-18,84,"array([0.57927665, 0.70528217])"
2244,9068346,right,15525711,pre-DN-VNC,no official annotation,84,"array([0.58105432, 0.71196312])"
2245,9083312,left,14077179,MB-FBN,FB2N-2,76,"array([0.62159243, 0.80692948])"
2246,9085808,right,17574013,pre-DN-VNC,no official annotation,72,"array([0.58942915, 0.71564953])"
2247,9091922,right,14726012,pre-DN-VNC,no official annotation,85,"array([0.56770252, 0.74281278])"
2248,9094797,,-1,,,0,"array([0.56792058, 0.72898799])"
2249,9177218,right,1961182,pre-DN-VNC,no official annotation,71,"array([0.68790484, 0.79539132])"
2250,9235545,left,17435815,pre-DN-VNC,no official annotation,85,"array([0.6129925 , 0.72839374])"
2251,9291938,right,5289042,LHN,no official annotation,28,"array([0.57757183, 0.88264686])"
2252,9348984,left,2772093,pre-DN-VNC,no official annotation,27,"array([0.69135318, 0.85494858])"
2253,9351843,left,17990556,pre-DN-SEZ,no official annotation,71,"array([0.64712225, 0.80158818])"
2254,9429085,left,17247877,pre-DN-SEZ,no official annotation,86,"array([0.65911602, 0.77785149])"
2255,9436520,left,20536322,pre-DN-SEZ,no official annotation,56,"array([0.65267088, 0.8715185 ])"
2256,9503428,,-1,,,0,"array([0.62243438, 0.84821181])"
2257,9521722,right,20172310,LN,no official annotation,88,"array([0.57247687, 0.71896106])"
2258,9585013,right,12281339,LHN,no official annotation,53,"array([0.61626603, 0.85625751])"
2259,9604434,right,15722990,pre-DN-VNC,no official annotation,78,"array([0.57913565, 0.72230412])"
2260,9606496,,-1,,,0,"array([0.74757354, 0.81501516])"
2261,9716858,right,1431256,sensory,gut,20,"array([0.61069438, 0.99543955])"
2262,9739780,left,3182103,pre-DN-SEZ,no official annotation,18,"array([0.72108487, 0.868641  ])"
2263,9748269,right,-1,sensory,gut,24,"array([0.65750222, 1.03843093])"
2264,9750356,right,12000033,DN-SEZ,no official annotation,4,"array([0.55973898, 0.93168472])"
2265,9787592,left,13191017,DN-SEZ,no official annotation,65,"array([0.60344535, 0.94849794])"
2266,9787933,left,867393,PN,gut 2nd_order PN,54,"array([0.61094426, 0.88386141])"
2267,9800031,,-1,,,0,"array([0.62760152, 0.86188003])"
2268,9808022,left,15658013,sensory,gustatory-external,6,"array([0.53012239, 0.98033578])"
2269,9811608,right,12371688,LHN,no official annotation,50,"array([0.66905257, 0.86245645])"
2270,9820270,left,15574328,sensory,gut,20,"array([0.61350201, 1.04268102])"
2271,9835169,left,9503203,sensory,respiratory,51,"array([0.70366129, 0.95944789])"
2272,9838294,left,15586536,sensory,gut,21,"array([0.65582526, 0.99246054])"
2273,9842000,right,9372642,RGN,no official annotation,56,"array([0.62434027, 0.91775551])"
2274,9845997,,-1,,,0,"array([0.66401343, 0.86781367])"
2275,9853425,right,5186461,sensory,gustatory-external,3,"array([0.58336394, 0.90447683])"
2276,9856062,,-1,,,0,"array([0.71076821, 0.82194715])"
2277,9940382,left,8124177,PN,vPN; visual 2nd_order PN,31,"array([0.6567883 , 0.86666241])"
2278,9961098,left,4311241,pre-DN-VNC,no official annotation,85,"array([0.58579924, 0.72723971])"
2279,10018150,left,17379298,DN-VNC,no official annotation,70,"array([0.67622749, 0.72112695])"
2280,10018161,left,17379360,DN-SEZ,no official annotation,70,"array([0.71212844, 0.78370573])"
2281,10079731,right,16541149,PN-somato,noci 2nd_order PN,78,"array([0.65954157, 0.75208356])"
2282,10119916,right,2369444,LHN,no official annotation,61,"array([0.61735429, 0.87218964])"
2283,10209260,left,17437719,MB-FBN,FBN-18,47,"array([0.62536993, 0.82390339])"
2284,10237401,,-1,,,0,"array([0.63323712, 0.74440965])"
2285,10238739,left,5893912,pre-DN-VNC,no official annotation,85,"array([0.66475681, 0.72032873])"
2286,10241716,left,-1,sensory,visual,0,"array([0.67460949, 0.99989621])"
2287,10248031,left,17380319,pre-DN-VNC,no official annotation,85,"array([0.59498471, 0.73708979])"
2288,10263287,right,17951049,DN-SEZ,no official annotation,24,"array([0.60368142, 1.0489575 ])"
2289,10276161,right,1646076,pre-DN-VNC,no official annotation,74,"array([0.64884036, 0.77700148])"
2290,10282065,left,5946241,PN-somato,mechano-Ch 2nd_order PN,50,"array([0.67800108, 0.86566757])"
2291,10287315,,-1,,,0,"array([0.71285851, 0.77243821])"
2292,10339991,right,17373283,CN,no official annotation,69,"array([0.59539437, 0.7703168 ])"
2293,10343101,,-1,,,0,"array([0.62965827, 0.85160969])"
2294,10382686,left,16100103,LHN,no official annotation,62,"array([0.62186353, 0.78759585])"
2295,10400440,left,18264509,CN,no official annotation,62,"array([0.65728235, 0.81014525])"
2296,10418394,left,2260755,RGN,no official annotation,63,"array([0.65804761, 0.94024651])"
2297,10447988,left,16540741,pre-DN-VNC,no official annotation,85,"array([0.64194974, 0.72346206])"
2298,10459723,left,13535380,RGN,no official annotation,83,"array([0.64753864, 0.91868675])"
2299,10523825,left,17455871,pre-DN-VNC,no official annotation,62,"array([0.63963898, 0.75550468])"
2300,10527147,left,7573476,DN-SEZ,no official annotation,23,"array([0.71396996, 0.81321988])"
2301,10563755,left,13535387,RGN,no official annotation,63,"array([0.67528146, 0.93108417])"
2302,10596949,left,13411445,pre-DN-VNC,no official annotation,77,"array([0.64613801, 0.77440919])"
2303,10627239,right,2438653,pre-DN-VNC,no official annotation,50,"array([0.66316885, 0.8427586 ])"
2304,10663559,right,12923749,pre-DN-SEZ,no official annotation,14,"array([0.73755655, 0.83149525])"
2305,10682411,,-1,,,0,"array([0.61654046, 0.89137862])"
2306,10714526,left,2911847,PN-somato,mechano-Ch 2nd_order PN,18,"array([0.73189038, 0.84995505])"
2307,10728323,left,2655798,DN-SEZ,no official annotation,52,"array([0.71424539, 0.82411492])"
2308,10728333,left,13557064,DN-VNC,no official annotation,85,"array([0.63992384, 0.74150058])"
2309,10760217,,-1,,,0,"array([0.66700963, 0.79925981])"
2310,10766722,,-1,,,0,"array([0.68260282, 0.79921204])"
2311,10792336,,-1,,,0,"array([0.63303351, 0.7134776 ])"
2312,10797407,left,14760757,pre-DN-VNC,no official annotation,66,"array([0.64820805, 0.85658446])"
2313,10827212,,-1,,,0,"array([0.62257  , 0.8550966])"
2314,10842047,left,14914182,pre-DN-SEZ,no official annotation,62,"array([0.66078662, 0.81366016])"
2315,10842099,left,10882750,pre-DN-VNC,no official annotation,62,"array([0.66810888, 0.80487672])"
2316,10868477,right,11874130,sensory,respiratory,63,"array([0.68326828, 0.99148666])"
2317,10870424,right,17729973,pre-DN-VNC,no official annotation,71,"array([0.67007944, 0.80788825])"
2318,10877689,,-1,,,0,"array([0.68155185, 0.87889325])"
2319,10880408,left,10875178,pre-DN-VNC,no official annotation,62,"array([0.63150721, 0.76932953])"
2320,10882750,right,10842099,pre-DN-VNC,no official annotation,62,"array([0.66149223, 0.82067356])"
2321,10915553,left,11905911,DN-VNC,no official annotation,23,"array([0.71506069, 0.86917907])"
2322,10921106,left,16388736,DN-VNC,no official annotation,85,"array([0.65707629, 0.75564678])"
2323,10945111,right,5763407,DN-VNC,no official annotation,52,"array([0.71588179, 0.83381559])"
2324,10945795,right,15588711,DN-VNC,no official annotation,52,"array([0.70878083, 0.82898391])"
2325,10946002,right,17557290,CN,no official annotation,44,"array([0.64157007, 0.80077367])"
2326,10949030,right,8057753,ascending,unknown modality,23,"array([0.74828034, 0.82661011])"
2327,10949382,left,16945771,ascending,mechano-Ch,52,"array([0.67614412, 0.75631501])"
2328,10958210,left,17671375,pre-DN-SEZ,no official annotation,38,"array([0.60641106, 0.90225295])"
2329,10961507,left,3232808,LHN,no official annotation,44,"array([0.66913093, 0.78757683])"
2330,10963761,right,5617164,sensory,respiratory,63,"array([0.68341228, 0.90355627])"
2331,10986253,right,11079069,pre-DN-VNC,no official annotation,68,"array([0.67338463, 0.81670566])"
2332,11003696,,-1,,,0,"array([0.68681837, 0.89362801])"
2333,11013583,left,17589475,DN-VNC,no official annotation,88,"array([0.68571972, 0.70575456])"
2334,11022546,left,17663944,pre-DN-VNC,no official annotation,89,"array([0.60781398, 0.71482636])"
2335,11084320,left,8461082,pre-DN-VNC,no official annotation,46,"array([0.69501371, 0.85702793])"
2336,11157622,right,17036132,PN,gustatory-external 2nd_order PN,44,"array([0.60578701, 0.82897011])"
2337,11193510,left,3930411,LHN,no official annotation,38,"array([0.60361225, 0.90494008])"
2338,11195708,left,13968203,DN-SEZ,no official annotation,15,"array([0.546132  , 0.84828931])"
2339,11197975,,-1,,,0,"array([0.64831424, 0.86235144])"
2340,11216417,left,8451818,CN,no official annotation,58,"array([0.62813423, 0.79150054])"
2341,11271082,right,4663875,pre-DN-VNC,no official annotation,26,"array([0.70642019, 0.85266106])"
2342,11278919,right,10792617,pre-DN-VNC,no official annotation,66,"array([0.65913211, 0.80425391])"
2343,11306294,right,10583715,pre-DN-VNC,no official annotation,66,"array([0.6495369 , 0.81645123])"
2344,11333054,left,17884299,PN,Gustatory PN 1; gustatory-external 2nd_order PN,17,"array([0.5742441 , 0.87286416])"
2345,11359482,right,16935790,PN-somato,proprio 2nd_order PN,65,"array([0.63061652, 0.73966985])"
2346,11361875,right,14493841,PN-somato,FFN-27; noci 2nd_order PN,74,"array([0.64890326, 0.77296162])"
2347,11362589,right,15028907,PN-somato,proprio 2nd_order PN,85,"array([0.61049354, 0.71218183])"
2348,11389855,,-1,,,0,"array([0.64207691, 0.8144172 ])"
2349,11623145,right,16636860,pre-DN-VNC,no official annotation,52,"array([0.68248547, 0.86306512])"
2350,11624548,,-1,,,0,"array([0.6190724 , 0.81114792])"
2351,11625573,left,18545747,pre-DN-VNC,no official annotation,85,"array([0.6209747 , 0.75962341])"
2352,11637003,right,3945454,PN,FFN-4; FFN-5; gustatory-pharyngeal 2nd_order PN; gut 2nd_order PN; respiratory 2nd_order PN; mechano-II/III 2nd_order PN,54,"array([0.6089202 , 0.89489397])"
2353,11656349,left,16297403,PN,gustatory-external 2nd_order PN; gustatory-pharyngeal 2nd_order PN,35,"array([0.57600493, 0.86099643])"
2354,11717014,left,21591037,pre-DN-VNC,no official annotation,14,"array([0.75519093, 0.85290044])"
2355,11717025,,-1,,,0,"array([0.79847749, 0.86922352])"
2356,11717030,,-1,,,0,"array([0.72309169, 0.87401213])"
2357,11717035,,-1,,,0,"array([0.7995376 , 0.88213328])"
2358,11717040,,-1,,,0,"array([0.76429629, 0.85641314])"
2359,11717045,,-1,,,0,"array([0.76650346, 0.86648272])"
2360,11736972,left,15595823,sensory,gustatory-external,4,"array([0.60432145, 0.91242837])"
2361,11788830,right,12121795,PN,gustatory-external 2nd_order PN; gustatory-pharyngeal 2nd_order PN,31,"array([0.64354893, 0.89184073])"
2362,11838242,right,12089601,PN,gustatory-pharyngeal 2nd_order PN,8,"array([0.66125004, 0.90695464])"
2363,11874130,left,10868477,sensory,respiratory,63,"array([0.63087898, 0.9458166 ])"
2364,11876076,left,15674282,pre-DN-VNC,no official annotation,89,"array([0.58207752, 0.71661321])"
2365,11905911,right,10915553,DN-VNC,no official annotation,23,"array([0.69533855, 0.85323584])"
2366,11908619,left,8318813,CN,no official annotation,69,"array([0.55448382, 0.76818268])"
2367,11934107,left,3844961,PN,gustatory-external 2nd_order PN,31,"array([0.65599646, 0.87940593])"
2368,11941255,right,9787859,DN-SEZ,no official annotation,52,"array([0.59594264, 0.946771  ])"
2369,11946903,right,9524538,PN-somato,mechano-II/III 2nd_order PN,56,"array([0.62579269, 0.87639544])"
2370,11986594,left,6218461,PN,gustatory-external 2nd_order PN,37,"array([0.65527959, 0.89388333])"
2371,12026822,right,7955278,DN-SEZ,no official annotation,88,"array([0.65430047, 0.66875404])"
2372,12073881,left,12253020,sensory,gustatory-external,4,"array([0.59533604, 0.91385717])"
2373,12121795,left,11788830,PN,gustatory-external 2nd_order PN; gustatory-pharyngeal 2nd_order PN,31,"array([0.6348673 , 0.89575928])"
2374,12178825,right,16911458,sensory,respiratory,21,"array([0.70262209, 0.98166414])"
2375,12225666,left,4327684,PN,mPN; FFN-21; mPN; olfactory 2nd_order PN; gustatory-external 2nd_order PN; thermo-warm 2nd_order PN,22,"array([0.58851928, 0.87734545])"
2376,12252572,left,16651566,pre-DN-VNC,no official annotation,84,"array([0.6494478 , 0.75843427])"
2377,12253020,right,12073881,sensory,gustatory-external,4,"array([0.59911666, 0.90914975])"
2378,12279941,left,17328632,pre-DN-SEZ,no official annotation,71,"array([0.66539701, 0.82550725])"
2379,12281339,left,9585013,LHN,no official annotation,53,"array([0.61142136, 0.85616524])"
2380,12299704,left,10768709,pre-DN-SEZ,no official annotation,67,"array([0.64926228, 0.85399346])"
2381,12300089,,-1,,,0,"array([0.62273348, 0.85158989])"
2382,12367135,left,16666673,pre-DN-VNC,no official annotation,14,"array([0.76303054, 0.88965557])"
2383,12367568,left,12884490,PN-somato,mechano-Ch 2nd_order PN,18,"array([0.74561409, 0.85721764])"
2384,12387154,left,8723267,LHN,no official annotation,38,"array([0.63230313, 0.87754651])"
2385,12420377,left,13242252,pre-DN-VNC,no official annotation,70,"array([0.70880583, 0.7305648 ])"
2386,12420898,left,5162462,pre-DN-VNC,no official annotation,86,"array([0.67495077, 0.72645502])"
2387,12422147,right,8070872,pre-DN-SEZ,no official annotation,71,"array([0.67943034, 0.75906594])"
2388,12509506,,-1,,,0,"array([0.67037869, 0.83880896])"
2389,12551020,left,14756061,pre-DN-VNC,no official annotation,73,"array([0.65784175, 0.78189078])"
2390,12587013,left,9015568,LHN,CN-39,74,"array([0.60121278, 0.78325013])"
2391,12634154,left,2357110,RGN,no official annotation,83,"array([0.62558564, 0.9389133 ])"
2392,12736001,left,15155348,pre-DN-VNC,no official annotation,86,"array([0.63816415, 0.73785651])"
2393,12866697,,-1,,,0,"array([0.60690329, 0.79542097])"
2394,12869029,,-1,,,0,"array([0.58270438, 0.78251255])"
2395,12923749,left,10663559,pre-DN-SEZ,no official annotation,14,"array([0.73203774, 0.86757466])"
2396,12990900,right,12654063,pre-DN-SEZ,no official annotation,68,"array([0.68036556, 0.80710077])"
2397,12998937,left,14938436,ascending,proprio,72,"array([0.62041766, 0.67495874])"
2398,13007383,right,18305476,DN-SEZ,no official annotation,88,"array([0.60967277, 0.68395025])"
2399,13049485,right,16096934,pre-DN-SEZ,no official annotation,48,"array([0.66304474, 0.87678714])"
2400,13081886,right,6572414,DN-VNC,no official annotation,71,"array([0.66518226, 0.82153812])"
2401,13137623,right,17352824,pre-DN-VNC,no official annotation,70,"array([0.70646916, 0.75800446])"
2402,13167025,right,16424131,DN-SEZ,no official annotation,51,"array([0.55875657, 0.87932579])"
2403,13191017,right,9787592,DN-SEZ,no official annotation,65,"array([0.59991627, 0.95662131])"
2404,13242252,right,12420377,pre-DN-VNC,no official annotation,70,"array([0.69858137, 0.74664777])"
2405,13405613,,-1,,,0,"array([0.62923499, 0.85765905])"
2406,13411394,,-1,,,0,"array([0.63966887, 0.78353706])"
2407,13422280,left,7589765,DN-VNC,no official annotation,25,"array([0.6518239 , 0.89843037])"
2408,13535380,right,10459723,RGN,no official annotation,83,"array([0.6511558 , 0.92739406])"
2409,13535387,right,10563755,RGN,no official annotation,63,"array([0.64993914, 0.93854561])"
2410,13589251,right,8021456,PN,33a PN; uPN; olfactory 2nd_order PN,12,"array([0.58363101, 0.86480796])"
2411,13675374,right,17448356,pre-DN-VNC,no official annotation,87,"array([0.64004286, 0.69974607])"
2412,13714311,left,8710444,pre-DN-VNC,no official annotation,85,"array([0.64774343, 0.76156765])"
2413,13718916,,-1,,,0,"array([0.57572484, 0.78924117])"
2414,13722900,right,16547281,pre-DN-VNC,no official annotation,87,"array([0.61614081, 0.69727927])"
2415,13724377,,-1,,,0,"array([0.67241506, 0.76684686])"
2416,13727202,right,17165755,DN-VNC,no official annotation,91,"array([0.627052  , 0.74132884])"
2417,13736919,left,17877682,DN-VNC,no official annotation,88,"array([0.56942044, 0.71359482])"
2418,13744425,left,2340336,sensory,gut,83,"array([0.62545342, 0.90757129])"
2419,13749806,left,14034206,DN-VNC,no official annotation,71,"array([0.67149896, 0.83014521])"
2420,13760954,right,14651659,DN-VNC,no official annotation,86,"array([0.59213156, 0.74247264])"
2421,13763548,right,17359501,DN-VNC,no official annotation,71,"array([0.67301509, 0.78484298])"
2422,13764822,right,8357933,DN-SEZ,no official annotation,78,"array([0.57317671, 0.75687516])"
2423,13774384,right,14522404,ascending,proprio,72,"array([0.68687711, 0.6695515 ])"
2424,13775497,right,18458734,ascending,unknown modality,70,"array([0.70887439, 0.70981471])"
2425,13793212,right,4523803,RGN,no official annotation,83,"array([0.63492032, 0.95210083])"
2426,13818467,left,17813001,pre-DN-SEZ,no official annotation,71,"array([0.6650613 , 0.80359765])"
2427,13830600,left,16057212,DN-SEZ,no official annotation,5,"array([0.53364774, 0.90575913])"
2428,13832416,left,5591201,PN,gustatory-external 2nd_order PN; gustatory-pharyngeal 2nd_order PN,44,"array([0.62799783, 0.8854912 ])"
2429,13833814,left,16316981,DN-SEZ,no official annotation,44,"array([0.60050263, 0.91609701])"
2430,13841523,right,15096548,pre-DN-VNC,no official annotation,27,"array([0.70242834, 0.86775831])"
2431,13842372,right,17358864,DN-SEZ,no official annotation,89,"array([0.61857846, 0.68938578])"
2432,13849274,,-1,,,0,"array([0.64371627, 0.74376396])"
2433,13953356,,-1,,,0,"array([0.57704821, 0.77933457])"
2434,13966828,,-1,,,0,"array([0.59802493, 0.86495257])"
2435,14154154,right,17545695,pre-DN-SEZ,mPN,22,"array([0.57651905, 0.85578216])"
2436,14450919,left,18220289,LHN,no official annotation,38,"array([0.60556343, 0.88047761])"
2437,14493841,left,11361875,PN-somato,FFN-27; noci 2nd_order PN,74,"array([0.63122375, 0.77917138])"
2438,14522404,left,13774384,ascending,proprio,72,"array([0.60775786, 0.71831245])"
2439,14586769,left,19048289,pre-DN-VNC,no official annotation,71,"array([0.65783528, 0.78564217])"
2440,14588375,right,18058793,DN-VNC,no official annotation,88,"array([0.64771649, 0.71655053])"
2441,14621584,left,17355864,pre-DN-VNC,no official annotation,78,"array([0.65777269, 0.74632341])"
2442,14638686,left,11891098,pre-DN-VNC,no official annotation,70,"array([0.68603741, 0.76396455])"
2443,14723506,left,17850822,pre-DN-SEZ,no official annotation,71,"array([0.66625382, 0.77559664])"
2444,14726012,left,9091922,pre-DN-VNC,no official annotation,85,"array([0.56302892, 0.72845632])"
2445,14754777,right,17360282,pre-DN-VNC,no official annotation,77,"array([0.644508  , 0.77094635])"
2446,14758420,right,17360262,LN,no official annotation,58,"array([0.62789951, 0.7856402 ])"
2447,14759661,right,17224013,pre-DN-SEZ,no official annotation,18,"array([0.68492703, 0.85188037])"
2448,14760757,right,10797407,pre-DN-VNC,no official annotation,66,"array([0.65656829, 0.87013563])"
2449,14913093,right,8059283,ascending,proprio,88,"array([0.66873429, 0.68063483])"
2450,14914182,right,10842047,pre-DN-SEZ,no official annotation,62,"array([0.65804248, 0.81383996])"
2451,14938436,right,12998937,ascending,proprio,72,"array([0.56926254, 0.68528628])"
2452,14981128,,-1,,,0,"array([0.6142749 , 0.83331913])"
2453,14995061,,-1,,,0,"array([0.68196419, 0.85481818])"
2454,15018449,right,17975547,pre-DN-VNC,no official annotation,72,"array([0.60179892, 0.70695403])"
2455,15023806,,-1,,,0,"array([0.65729304, 0.85665473])"
2456,15202263,right,3281684,RGN,no official annotation,83,"array([0.63690971, 0.93537996])"
2457,15225589,right,3158123,LHN,no official annotation,56,"array([0.62281148, 0.88604698])"
2458,15315491,left,15556861,ascending,proprio,72,"array([0.60996412, 0.69864658])"
2459,15365184,left,5512988,DN-VNC,no official annotation,52,"array([0.70345757, 0.81778007])"
2460,15398807,right,15997807,sensory,gustatory-pharyngeal,5,"array([0.58362426, 0.93192512])"
2461,15434200,right,15997983,sensory,gustatory-pharyngeal,5,"array([0.60938422, 0.93039529])"
2462,15445198,right,15995861,sensory,gustatory-pharyngeal,11,"array([0.44956757, 0.91563367])"
2463,15451084,right,15998261,sensory,gustatory-pharyngeal,5,"array([0.60361551, 0.93968081])"
2464,15458316,right,15998100,sensory,gustatory-pharyngeal,5,"array([0.60435273, 0.93408067])"
2465,15461769,right,15995404,sensory,gustatory-pharyngeal,5,"array([0.53957338, 0.93925981])"
2466,15467736,right,17454636,pre-DN-VNC,no official annotation,92,"array([0.62578194, 0.73302245])"
2467,15480928,right,11018254,MB-FBN,CN-13; FBN-6,75,"array([0.6165757 , 0.83481094])"
2468,15505837,right,15996271,sensory,gustatory-pharyngeal,7,"array([0.44413882, 0.95496937])"
2469,15507888,right,15997692,sensory,gustatory-pharyngeal,4,"array([0.54683994, 0.9396391 ])"
2470,15508475,right,15998913,sensory,gustatory-pharyngeal,-1,"array([0.30698344, 0.89985348])"
2471,15508735,right,15997666,sensory,gustatory-pharyngeal,65,"array([0.67449652, 0.91687951])"
2472,15512404,left,5786898,pre-DN-VNC,no official annotation,87,"array([0.60274056, 0.70323273])"
2473,15512408,left,4917442,pre-DN-VNC,no official annotation,87,"array([0.60032064, 0.68858985])"
2474,15516413,left,5816138,pre-DN-VNC,no official annotation,89,"array([0.59245748, 0.70466482])"
2475,15519213,left,5791548,CN,no official annotation,44,"array([0.63938094, 0.81294811])"
2476,15522152,left,15548844,DN-VNC,no official annotation,77,"array([0.62539845, 0.77006881])"
2477,15525711,left,9068346,pre-DN-VNC,no official annotation,84,"array([0.59113265, 0.70842409])"
2478,15525794,left,9069084,pre-DN-VNC,no official annotation,91,"array([0.59760197, 0.71553463])"
2479,15530882,right,15998817,sensory,gustatory-pharyngeal,5,"array([0.59356402, 0.95550166])"
2480,15531033,right,7439909,sensory,gustatory-pharyngeal,5,"array([0.58498917, 0.97630862])"
2481,15531916,right,15998782,sensory,gustatory-pharyngeal,5,"array([0.64631566, 0.93293529])"
2482,15532105,right,1709802,sensory,gustatory-pharyngeal,24,"array([0.59076912, 1.00533751])"
2483,15533421,right,15996160,sensory,gustatory-pharyngeal,6,"array([0.526117  , 0.96863866])"
2484,15541976,right,1706716,sensory,gustatory-pharyngeal,5,"array([0.52745262, 0.92478479])"
2485,15542354,right,17380936,sensory,gut,9,"array([0.57868338, 1.03434846])"
2486,15543068,right,1429969,sensory,gut,24,"array([0.63896598, 1.01717417])"
2487,15543394,right,15770904,sensory,gut,21,"array([0.61689938, 1.04914086])"
2488,15546924,right,1435466,sensory,gut,16,"array([0.61631493, 1.06023898])"
2489,15547732,right,1427012,sensory,gut,6,"array([0.60006036, 1.00466059])"
2490,15548107,right,15769419,sensory,gut,63,"array([0.61763675, 0.97734524])"
2491,15548694,right,1405493,sensory,gut,20,"array([0.61914047, 0.96921777])"
2492,15553218,,-1,,,0,"array([0.61930305, 0.73553408])"
2493,15559195,right,1367171,sensory,gut,63,"array([0.62609648, 0.97064889])"
2494,15560623,right,16928740,DN-VNC,no official annotation,70,"array([0.67859382, 0.77793879])"
2495,15561413,right,1400725,sensory,gut,20,"array([0.62284962, 0.98174243])"
2496,15562137,right,1377586,sensory,gut,20,"array([0.60987975, 0.96320094])"
2497,15563553,right,1392771,sensory,gut,20,"array([0.57303353, 0.96212544])"
2498,15564661,right,15984797,sensory,gut,16,"array([0.60040049, 1.0216584 ])"
2499,15564706,right,-1,sensory,gut,24,"array([0.61312466, 1.01775107])"
2500,15564782,right,1432836,sensory,gut,11,"array([0.63693177, 1.02842913])"
2501,15564807,right,1414206,sensory,gut,21,"array([0.61082183, 1.0697584 ])"
2502,15564882,right,7424178,sensory,gut,16,"array([0.59094379, 1.06924747])"
2503,15564911,right,1351125,sensory,gut,9,"array([0.6010137 , 1.07085874])"
2504,15567466,right,15984231,sensory,gut,16,"array([0.57323671, 0.99945547])"
2505,15569561,right,15982306,sensory,gut,16,"array([0.61853132, 1.03003857])"
2506,15572414,right,1428271,sensory,gut,11,"array([0.63365925, 1.07444413])"
2507,15573283,right,15998307,sensory,gustatory-pharyngeal,5,"array([0.61733573, 0.94997352])"
2508,15573331,right,1715990,sensory,gustatory-pharyngeal,5,"array([0.57898046, 0.9481959 ])"
2509,15573381,right,1391179,sensory,gut,21,"array([0.65531176, 1.00287273])"
2510,15573396,right,40152,sensory,gut,63,"array([0.64168082, 0.96955478])"
2511,15573450,right,1406463,sensory,gut,20,"array([0.64717234, 1.00254345])"
2512,15574199,right,1398253,sensory,gut,63,"array([0.63075533, 0.98765049])"
2513,15574508,right,-1,sensory,gut,9,"array([0.57915518, 1.0573933 ])"
2514,15575232,right,1419315,sensory,gut,9,"array([0.58837783, 1.05875483])"
2515,15575327,right,15769680,sensory,gut,21,"array([0.63058858, 1.04099554])"
2516,15576194,right,15994926,sensory,gut,9,"array([0.5621696 , 1.04082199])"
2517,15576292,left,17384874,pre-DN-SEZ,no official annotation,67,"array([0.64510661, 0.83618865])"
2518,15585114,right,12782494,pre-DN-SEZ,no official annotation,62,"array([0.63680071, 0.8183097 ])"
2519,15586536,right,9838294,sensory,gut,21,"array([0.63827305, 0.9946611 ])"
2520,15587166,right,15983225,sensory,gut,16,"array([0.56380841, 1.02257774])"
2521,15588389,right,18566501,LHN,no official annotation,32,"array([0.62998919, 0.81907441])"
2522,15588711,left,10945795,DN-VNC,no official annotation,52,"array([0.72459508, 0.809239  ])"
2523,15588800,right,15688358,sensory,gustatory-external,4,"array([0.59058916, 0.91760627])"
2524,15589411,right,15681740,sensory,gustatory-external,3,"array([0.60312115, 0.92130089])"
2525,15589738,right,16547297,pre-DN-VNC,no official annotation,86,"array([0.6609246 , 0.74816504])"
2526,15590761,left,15409328,sensory,gustatory-pharyngeal,5,"array([0.61225889, 0.92632394])"
2527,15590793,,-1,,,0,"array([0.66012727, 0.85009756])"
2528,15592096,left,16240569,MBIN,DAN-c1,57,"array([0.56267438, 0.80690262])"
2529,15592696,right,15997645,sensory,gustatory-pharyngeal,4,"array([0.60769682, 0.91939675])"
2530,15594038,right,15998319,sensory,gustatory-pharyngeal,-1,"array([0.24401415, 0.92315935])"
2531,15594123,right,15698623,sensory,gustatory-external,7,"array([0.28819806, 0.89964632])"
2532,15595607,right,15938337,sensory,gustatory-external,3,"array([0.55848157, 0.92603999])"
2533,15595823,right,11736972,sensory,gustatory-external,4,"array([0.59837706, 0.92661646])"
2534,15599768,right,992646,DN-SEZ,no official annotation,24,"array([0.52971472, 1.04511335])"
2535,15605301,left,15607335,pre-DN-SEZ,no official annotation,67,"array([0.65180382, 0.82728545])"
2536,15605657,right,15998899,sensory,gustatory-pharyngeal,-1,"array([0.52199253, 1.07689155])"
2537,15606239,right,7388340,pre-DN-SEZ,no official annotation,66,"array([0.64087355, 0.83711015])"
2538,15606918,right,15715796,sensory,gustatory-external,24,"array([0.45638306, 0.84641119])"
2539,15607180,right,15711222,sensory,gustatory-external,9,"array([0.41812325, 0.87746655])"
2540,15608355,left,6252764,PN,gustatory-external 2nd_order PN; gustatory-pharyngeal 2nd_order PN,8,"array([0.64213087, 0.90833974])"
2541,15609885,right,18934019,sensory,gustatory-external,3,"array([0.58632508, 0.91066337])"
2542,15610387,right,15679484,sensory,gustatory-external,24,"array([0.43095424, 0.90661695])"
2543,15610774,right,15792643,pre-DN-VNC,no official annotation,62,"array([0.66450335, 0.78708889])"
2544,15611642,right,15678441,sensory,gustatory-external,13,"array([0.33309818, 0.83110486])"
2545,15611791,right,15674083,sensory,gustatory-external,13,"array([0.42191505, 0.81778248])"
2546,15612241,right,3267019,sensory,gustatory-external,11,"array([0.37032822, 0.83354693])"
2547,15615081,right,15686512,sensory,gustatory-external,5,"array([0.60920739, 0.93657106])"
2548,15615305,right,15690392,sensory,gustatory-external,24,"array([0.186953  , 0.93785167])"
2549,15615475,right,15714845,sensory,gustatory-external,7,"array([0.29483228, 0.88623879])"
2550,15615877,right,15675901,sensory,gustatory-external,11,"array([0.38128079, 0.9087209 ])"
2551,15617459,right,15690955,sensory,gustatory-external,9,"array([0.37498815, 0.87123965])"
2552,15618756,right,15730680,sensory,gustatory-external,11,"array([0.35741009, 0.94187979])"
2553,15618976,right,15678849,sensory,gustatory-external,7,"array([0.33511141, 0.90066875])"
2554,15620432,right,15713374,sensory,gustatory-external,7,"array([0.34980056, 0.90808936])"
2555,15620606,right,15712024,sensory,gustatory-external,7,"array([0.32006352, 0.91108813])"
2556,15629241,right,15717229,sensory,gustatory-external,7,"array([0.33551777, 0.92224138])"
2557,15629355,right,15680710,sensory,gustatory-external,13,"array([0.36215143, 0.86415481])"
2558,15629759,left,2659504,pre-DN-VNC,no official annotation,70,"array([0.6915807 , 0.74634101])"
2559,15629888,right,15713206,sensory,gustatory-external,-1,"array([0.29603603, 0.95467119])"
2560,15632120,right,15608953,pre-DN-VNC,no official annotation,50,"array([0.66111464, 0.84507334])"
2561,15632282,,-1,,,0,"array([0.67358143, 0.85519288])"
2562,15637893,right,15725127,sensory,gustatory-pharyngeal,7,"array([0.24962193, 0.85813792])"
2563,15638520,right,15724520,sensory,gustatory-pharyngeal,7,"array([0.23843488, 0.87577543])"
2564,15638742,right,15714330,sensory,gustatory-external,9,"array([0.39184813, 0.88272781])"
2565,15638968,right,15724385,sensory,gustatory-pharyngeal,16,"array([0.53256952, 1.02101706])"
2566,15639020,right,15717736,sensory,gustatory-pharyngeal,5,"array([0.57318741, 0.93917444])"
2567,15639171,right,16288872,sensory,gustatory-pharyngeal,5,"array([0.60045834, 0.97148209])"
2568,15639275,right,15725545,sensory,gustatory-pharyngeal,7,"array([0.29851734, 0.84238109])"
2569,15639294,left,7571966,DN-VNC,no official annotation,63,"array([0.64672211, 0.92467875])"
2570,15639548,right,3050645,sensory,gustatory-pharyngeal,11,"array([0.37082443, 0.96368079])"
2571,15640425,right,3032520,sensory,gustatory-pharyngeal,9,"array([0.50346278, 1.01013783])"
2572,15640548,right,15723479,sensory,gustatory-pharyngeal,9,"array([0.50645377, 1.03963035])"
2573,15640567,right,15728017,sensory,gustatory-pharyngeal,11,"array([0.45298305, 0.93213862])"
2574,15640724,right,15724175,sensory,gustatory-pharyngeal,21,"array([0.40637876, 1.0076697 ])"
2575,15641926,right,15723727,sensory,gustatory-pharyngeal,6,"array([0.56987182, 0.97498754])"
2576,15645825,right,15718275,sensory,gustatory-pharyngeal,6,"array([0.54526736, 0.94944741])"
2577,15651438,right,15673867,sensory,gustatory-external,4,"array([0.56086333, 0.91236424])"
2578,15653288,right,15677323,sensory,gustatory-external,3,"array([0.58830963, 0.91471629])"
2579,15653927,right,15715151,sensory,gustatory-external,6,"array([0.47246386, 0.82838577])"
2580,15655801,right,17360076,pre-DN-VNC,no official annotation,52,"array([0.7047701 , 0.84857825])"
2581,15656435,right,15677030,sensory,gustatory-external,5,"array([0.48364623, 0.84258014])"
2582,15658013,right,9808022,sensory,gustatory-external,6,"array([0.55175152, 0.95826919])"
2583,15669682,left,17658672,pre-DN-VNC,no official annotation,19,"array([0.73409997, 0.87260927])"
2584,15671481,right,15714173,sensory,gustatory-external,11,"array([0.37637932, 0.92656809])"
2585,15671848,right,15724636,sensory,gustatory-pharyngeal,7,"array([0.27072801, 0.8470879 ])"
2586,15672153,right,15727304,sensory,gustatory-pharyngeal,7,"array([0.28454376, 0.92624193])"
2587,15672263,right,17777031,DN-VNC,no official annotation,88,"array([0.66713736, 0.70999653])"
2588,15672957,right,3036249,sensory,gustatory-pharyngeal,11,"array([0.39077926, 0.94735215])"
2589,15673867,left,15651438,sensory,gustatory-external,4,"array([0.59032102, 0.90476044])"
2590,15674083,left,15611791,sensory,gustatory-external,13,"array([0.47815696, 0.7815426 ])"
2591,15675901,left,15615877,sensory,gustatory-external,11,"array([0.42371482, 0.96916076])"
2592,15676016,left,3058132,pre-DN-VNC,PL-7,52,"array([0.71534809, 0.85220635])"
2593,15677030,left,15656435,sensory,gustatory-external,5,"array([0.38320803, 0.82842682])"
2594,15677323,left,15653288,sensory,gustatory-external,3,"array([0.57705163, 0.90715483])"
2595,15678441,left,15611642,sensory,gustatory-external,13,"array([0.42685639, 0.80010315])"
2596,15678833,left,3562954,sensory,gustatory-external,11,"array([0.46146098, 0.92466851])"
2597,15678849,left,15618976,sensory,gustatory-external,7,"array([0.36298485, 0.92438903])"
2598,15679484,left,15610387,sensory,gustatory-external,24,"array([0.3466881, 0.8498022])"
2599,15679577,left,18625446,sensory,gustatory-external,3,"array([0.57267269, 0.90673485])"
2600,15680093,left,10934438,sensory,gustatory-external,4,"array([0.59222322, 0.94292384])"
2601,15680710,left,15629355,sensory,gustatory-external,13,"array([0.44033775, 0.78385328])"
2602,15686512,left,15615081,sensory,gustatory-external,5,"array([0.62764632, 0.92306211])"
2603,15688358,left,15588800,sensory,gustatory-external,4,"array([0.59227252, 0.91053168])"
2604,15688523,right,5675990,pre-DN-VNC,no official annotation,58,"array([0.6364694 , 0.80652078])"
2605,15690093,left,15615042,sensory,gustatory-external,3,"array([0.56367004, 0.89772228])"
2606,15690392,left,15615305,sensory,gustatory-external,24,"array([0.46635124, 0.76891424])"
2607,15690711,left,15762568,sensory,gustatory-external,7,"array([0.38122799, 0.72839224])"
2608,15698623,left,15594123,sensory,gustatory-external,7,"array([0.41444003, 0.96056408])"
2609,15699715,left,18833414,sensory,gustatory-external,9,"array([0.42936713, 1.00068676])"
2610,15700147,left,15743905,sensory,gustatory-external,7,"array([0.36183754, 0.98642748])"
2611,15711222,left,15607180,sensory,gustatory-external,9,"array([0.37009778, 0.85481096])"
2612,15711289,left,18679889,sensory,gustatory-external,7,"array([0.3941366 , 0.99704472])"
2613,15712024,left,15620606,sensory,gustatory-external,7,"array([0.35959907, 0.89611978])"
2614,15713206,left,15629888,sensory,gustatory-external,-1,"array([0.4454225 , 0.86601203])"
2615,15713374,left,15620432,sensory,gustatory-external,7,"array([0.39674823, 0.96215448])"
2616,15714173,left,15671481,sensory,gustatory-external,11,"array([0.43162106, 0.97452789])"
2617,15714330,left,15638742,sensory,gustatory-external,9,"array([0.38948496, 0.98646336])"
2618,15714845,left,15615475,sensory,gustatory-external,7,"array([0.41002294, 0.87186283])"
2619,15715151,left,15653927,sensory,gustatory-external,6,"array([0.48340698, 0.80584744])"
2620,15715796,left,15606918,sensory,gustatory-external,24,"array([0.4437593 , 0.77426984])"
2621,15716094,left,15589362,sensory,gustatory-external,5,"array([0.53481768, 0.92703024])"
2622,15716127,left,3071301,sensory,gustatory-external,4,"array([0.53525213, 0.91669402])"
2623,15716309,left,15736147,sensory,gustatory-external,4,"array([0.56826391, 0.91712354])"
2624,15717229,left,15629241,sensory,gustatory-external,7,"array([0.32369847, 0.9609771 ])"
2625,15717426,left,8810739,sensory,gustatory-external,6,"array([0.47898735, 0.94238278])"
2626,15717736,left,15639020,sensory,gustatory-pharyngeal,5,"array([0.59871437, 0.95110888])"
2627,15717935,left,3123905,sensory,gustatory-pharyngeal,5,"array([0.47568505, 0.9021362 ])"
2628,15718275,left,15645825,sensory,gustatory-pharyngeal,6,"array([0.5991798 , 0.98207761])"
2629,15718981,left,1591270,pre-DN-VNC,no official annotation,31,"array([0.62000782, 0.86438001])"
2630,15722990,left,9604434,pre-DN-VNC,no official annotation,78,"array([0.57762492, 0.73731573])"
2631,15723479,left,15640548,sensory,gustatory-pharyngeal,9,"array([0.45411578, 1.01969849])"
2632,15723727,left,15641926,sensory,gustatory-pharyngeal,6,"array([0.57604354, 0.98413431])"
2633,15724175,left,15640724,sensory,gustatory-pharyngeal,21,"array([0.46034997, 0.95670014])"
2634,15724385,left,15638968,sensory,gustatory-pharyngeal,16,"array([0.51750843, 1.03201944])"
2635,15724520,left,15638520,sensory,gustatory-pharyngeal,7,"array([0.34708097, 0.94993442])"
2636,15724636,left,15671848,sensory,gustatory-pharyngeal,7,"array([0.32573243, 1.0025501 ])"
2637,15725127,left,15637893,sensory,gustatory-pharyngeal,7,"array([0.31285079, 1.01393526])"
2638,15725545,left,15639275,sensory,gustatory-pharyngeal,7,"array([0.34098847, 0.97668617])"
2639,15725673,left,18785124,sensory,gustatory-pharyngeal,13,"array([0.39095367, 0.91699415])"
2640,15727304,left,15672153,sensory,gustatory-pharyngeal,7,"array([0.36977019, 0.91153122])"
2641,15728017,left,15640567,sensory,gustatory-pharyngeal,11,"array([0.40703903, 0.98968334])"
2642,15730645,left,15914721,sensory,gustatory-pharyngeal,11,"array([0.43728583, 0.92745376])"
2643,15730680,left,15618756,sensory,gustatory-external,11,"array([0.33998468, 0.93552844])"
2644,15732050,right,3944330,DN-SEZ,no official annotation,65,"array([0.63255084, 0.8659076 ])"
2645,15736147,right,15716309,sensory,gustatory-external,4,"array([0.58723345, 0.92324641])"
2646,15736398,,-1,,,0,"array([0.56751962, 0.73856201])"
2647,15743905,right,15700147,sensory,gustatory-external,7,"array([0.32302507, 0.89424994])"
2648,15748726,right,15995327,sensory,gut,9,"array([0.55509797, 1.05552967])"
2649,15762568,right,15690711,sensory,gustatory-external,7,"array([0.32982862, 0.88336321])"
2650,15766999,left,18231999,sensory,gut,16,"array([0.57880561, 1.09061434])"
2651,15769419,left,15548107,sensory,gut,63,"array([0.63701513, 0.97947506])"
2652,15769680,left,15575327,sensory,gut,21,"array([0.62293553, 1.01382889])"
2653,15770032,left,3556191,sensory,gut,63,"array([0.64157483, 0.95826342])"
2654,15770904,left,15543394,sensory,gut,21,"array([0.62724787, 1.02905103])"
2655,15792643,left,15610774,pre-DN-VNC,no official annotation,62,"array([0.66840996, 0.79307536])"
2656,15823055,right,11303036,pre-DN-VNC,no official annotation,84,"array([0.62520287, 0.72961529])"
2657,15825892,,-1,,,0,"array([0.64232754, 0.87371125])"
2658,15897280,left,2669844,DN-VNC,no official annotation,80,"array([0.69542498, 0.76356697])"
2659,15914721,right,15730645,sensory,gustatory-pharyngeal,11,"array([0.31416422, 0.87732519])"
2660,15934458,right,7439913,DN-VNC,no official annotation,86,"array([0.64308659, 0.73999633])"
2661,15938337,left,15595607,sensory,gustatory-external,3,"array([0.54424522, 0.91263858])"
2662,15964206,right,17736755,DN-VNC,no official annotation,88,"array([0.60275729, 0.68107023])"
2663,15982306,left,15569561,sensory,gut,16,"array([0.60065489, 1.09553756])"
2664,15983156,left,16442344,sensory,gut,24,"array([0.59706492, 1.11511613])"
2665,15983225,left,15587166,sensory,gut,16,"array([0.59884991, 1.03416603])"
2666,15984231,left,15567466,sensory,gut,16,"array([0.58917982, 1.02386084])"
2667,15984797,left,15564661,sensory,gut,16,"array([0.62348354, 1.07141462])"
2668,15995327,left,15748726,sensory,gut,9,"array([0.56373244, 1.0889153 ])"
2669,15995404,left,15461769,sensory,gustatory-pharyngeal,5,"array([0.55924084, 0.93695654])"
2670,15995861,left,15445198,sensory,gustatory-pharyngeal,11,"array([0.47671504, 0.95509877])"
2671,15995929,left,15506094,sensory,gustatory-pharyngeal,4,"array([0.54023269, 0.91642171])"
2672,15996160,left,15533421,sensory,gustatory-pharyngeal,6,"array([0.52241888, 0.95065102])"
2673,15996271,left,15505837,sensory,gustatory-pharyngeal,7,"array([0.38086674, 1.00281377])"
2674,15997666,left,15508735,sensory,gustatory-pharyngeal,65,"array([0.67057546, 0.9368238 ])"
2675,15997692,left,15507888,sensory,gustatory-pharyngeal,4,"array([0.56055649, 0.94566478])"
2676,15997807,left,15398807,sensory,gustatory-pharyngeal,5,"array([0.5826901 , 0.94088502])"
2677,15997929,left,18620885,sensory,gustatory-pharyngeal,5,"array([0.5647491 , 0.93832898])"
2678,15997983,left,15434200,sensory,gustatory-pharyngeal,5,"array([0.59958978, 0.93421068])"
2679,15998218,left,16341966,sensory,gustatory-pharyngeal,5,"array([0.61489873, 0.95624322])"
2680,15998261,left,15451084,sensory,gustatory-pharyngeal,5,"array([0.5301337 , 0.91368514])"
2681,15998307,left,15573283,sensory,gustatory-pharyngeal,5,"array([0.59881674, 0.94007011])"
2682,15998469,left,16341507,sensory,gustatory-pharyngeal,5,"array([0.61465235, 0.9344088 ])"
2683,15998753,left,3192952,sensory,gustatory-pharyngeal,16,"array([0.50956575, 1.056279  ])"
2684,15998768,left,15525858,sensory,gustatory-pharyngeal,5,"array([0.60685204, 0.94373192])"
2685,15998782,left,15531916,sensory,gustatory-pharyngeal,5,"array([0.56198538, 0.96856091])"
2686,15998817,left,15530882,sensory,gustatory-pharyngeal,5,"array([0.58710792, 0.93984557])"
2687,15998899,left,15605657,sensory,gustatory-pharyngeal,-1,"array([0.56652233, 1.18544856])"
2688,15998913,left,15508475,sensory,gustatory-pharyngeal,-1,"array([0.55879637, 1.24605966])"
2689,16007457,,-1,,,0,"array([0.68216165, 0.81628363])"
2690,16045758,,-1,,,0,"array([0.63136112, 0.89420223])"
2691,16051878,left,8951591,pre-DN-SEZ,no official annotation,66,"array([0.64046719, 0.83007399])"
2692,16087799,left,2775707,PN,Pdf-LaNs; visual 2nd_order PN,25,"array([0.63510712, 0.93062534])"
2693,16096934,left,13049485,pre-DN-SEZ,no official annotation,48,"array([0.66552111, 0.8730042 ])"
2694,16098538,left,8670503,LHN,no official annotation,28,"array([0.61094878, 0.89796385])"
2695,16100103,right,10382686,LHN,no official annotation,62,"array([0.63388339, 0.79309619])"
2696,16115255,right,8723983,DN-VNC,no official annotation,70,"array([0.70237097, 0.73746892])"
2697,16115501,right,5057916,sensory,gustatory-external,6,"array([0.48109331, 0.86094229])"
2698,16154290,right,19298625,DN-VNC,no official annotation,71,"array([0.63140857, 0.75933075])"
2699,16160495,left,8814922,MB-FBN,FB2N-16,75,"array([0.59464449, 0.83257519])"
2700,16181130,,-1,,,0,"array([0.63373268, 0.81885595])"
2701,16188942,right,5053417,PN,gustatory-external 2nd_order PN; gustatory-pharyngeal 2nd_order PN,35,"array([0.58448129, 0.86190683])"
2702,16223688,right,19880740,pre-DN-VNC,no official annotation,44,"array([0.65187905, 0.81337678])"
2703,16267292,right,-1,sensory,visual,0,"array([0.48329084, 0.89282598])"
2704,16278312,right,3220616,ascending,unknown modality,23,"array([0.73805632, 0.78224567])"
2705,16288872,left,15639171,sensory,gustatory-pharyngeal,5,"array([0.60303365, 0.96309647])"
2706,16297403,right,11656349,PN,gustatory-external 2nd_order PN; gustatory-pharyngeal 2nd_order PN,35,"array([0.59178267, 0.8711262 ])"
2707,16303262,left,7627878,sensory,respiratory,23,"array([0.70307404, 0.89353288])"
2708,16316916,left,5592307,PN,FFN-37; gustatory-pharyngeal 2nd_order PN,35,"array([0.58546178, 0.87031146])"
2709,16316973,right,17359111,DN-SEZ,no official annotation,70,"array([0.67579674, 0.80804717])"
2710,16339645,right,16444552,CN,CN-35,58,"array([0.61470123, 0.81503568])"
2711,16340461,right,16851791,pre-DN-VNC,no official annotation,78,"array([0.64025346, 0.7505522 ])"
2712,16340998,left,8007556,MB-FFN,FFN-25,78,"array([0.62707775, 0.75525297])"
2713,16341507,right,15998469,sensory,gustatory-pharyngeal,5,"array([0.59494591, 0.93110414])"
2714,16341966,right,15998218,sensory,gustatory-pharyngeal,5,"array([0.61894457, 0.94446618])"
2715,16347476,right,11073313,pre-DN-VNC,no official annotation,68,"array([0.68822587, 0.78995889])"
2716,16347786,right,17732334,DN-VNC,no official annotation,70,"array([0.660503 , 0.7738299])"
2717,16348875,left,15601640,pre-DN-SEZ,no official annotation,62,"array([0.65517322, 0.79614808])"
2718,16355225,right,10473853,pre-DN-VNC,no official annotation,89,"array([0.63114528, 0.70876889])"
2719,16362243,right,17608754,sensory,gustatory-pharyngeal,7,"array([0.26274746, 0.87149081])"
2720,16366055,left,17654645,pre-DN-VNC,no official annotation,52,"array([0.68302307, 0.84760023])"
2721,16369928,,-1,,,0,"array([0.66391742, 0.8576889 ])"
2722,16422727,left,20443571,pre-DN-VNC,no official annotation,71,"array([0.66152495, 0.78024582])"
2723,16422744,left,15589591,pre-DN-VNC,no official annotation,44,"array([0.62038413, 0.76316977])"
2724,16424131,left,13167025,DN-SEZ,no official annotation,51,"array([0.56261938, 0.95496701])"
2725,16433696,left,19132527,pre-DN-SEZ,no official annotation,62,"array([0.66112374, 0.83303967])"
2726,16434824,,-1,,,0,"array([0.58885583, 0.77778669])"
2727,16435686,,-1,,,0,"array([0.62859886, 0.88164933])"
2728,16442344,right,15983156,sensory,gut,24,"array([0.63183446, 1.00771617])"
2729,16444552,left,16339645,CN,CN-35,58,"array([0.60914979, 0.80192083])"
2730,16450562,,-1,,,0,"array([0.62192027, 0.82066949])"
2731,16463097,right,17728605,DN-SEZ,no official annotation,5,"array([0.54783633, 0.9327284 ])"
2732,16484888,,-1,,,0,"array([0.63069336, 0.80561373])"
2733,16501652,,-1,,,0,"array([0.69301376, 0.88886791])"
2734,16515871,right,8509534,PN,mPN; mPN; olfactory 2nd_order PN; gustatory-external 2nd_order PN,29,"array([0.56981025, 0.85539411])"
2735,16520950,right,16667306,DN-VNC,no official annotation,91,"array([0.63885063, 0.6948497 ])"
2736,16540741,right,10447988,pre-DN-VNC,no official annotation,85,"array([0.63380095, 0.73874202])"
2737,16544485,,-1,,,0,"array([0.62162676, 0.88235115])"
2738,16560178,left,9068024,pre-DN-VNC,no official annotation,91,"array([0.60613047, 0.71231629])"
2739,16578252,right,4966994,pre-DN-VNC,PL-23,85,"array([0.61777634, 0.74064099])"
2740,16588928,left,17355892,DN-SEZ,no official annotation,16,"array([0.53526635, 1.05797667])"
2741,16629886,,-1,,,0,"array([0.68573606, 0.85523442])"
2742,16636860,left,11623145,pre-DN-VNC,no official annotation,52,"array([0.69146878, 0.87843393])"
2743,16637377,,-1,,,0,"array([0.60598747, 0.85169003])"
2744,16651566,right,12252572,pre-DN-VNC,no official annotation,84,"array([0.59903265, 0.72653337])"
2745,16667592,left,16950550,DN-VNC,no official annotation,91,"array([0.62724183, 0.69394849])"
2746,16670540,left,16950443,DN-VNC,no official annotation,89,"array([0.63012566, 0.68044857])"
2747,16671014,right,16345627,pre-DN-VNC,PL-22,85,"array([0.59952511, 0.72280284])"
2748,16683883,left,5956787,RGN,no official annotation,63,"array([0.69567676, 0.89634898])"
2749,16683943,left,7530253,RGN,no official annotation,63,"array([0.70599892, 0.9147216 ])"
2750,16686371,,-1,,,0,"array([0.6786938 , 0.79565135])"
2751,16713227,left,17659014,DN-SEZ,no official annotation,65,"array([0.67446318, 0.74535853])"
2752,16713231,,-1,,,0,"array([0.68666955, 0.82183847])"
2753,16742642,left,8546775,pre-DN-SEZ,no official annotation,56,"array([0.6386717 , 0.85652436])"
2754,16848497,left,9798791,MB-FFN,FFN-33,46,"array([0.66603236, 0.84568902])"
2755,16851496,left,16339338,DN-VNC,no official annotation,92,"array([0.61827774, 0.73241663])"
2756,16852589,left,6610913,pre-DN-SEZ,no official annotation,91,"array([0.5991012, 0.747247 ])"
2757,16852622,left,16950767,DN-VNC,no official annotation,89,"array([0.57126956, 0.69658381])"
2758,16856369,left,4185530,PN-somato,proprio 2nd_order PN,89,"array([0.5946476 , 0.69226379])"
2759,16863538,left,20443362,pre-DN-VNC,no official annotation,86,"array([0.65536434, 0.72807082])"
2760,16884085,,-1,,,0,"array([0.67460914, 0.85055738])"
2761,16906721,left,5590611,PN,gustatory-external 2nd_order PN; gustatory-pharyngeal 2nd_order PN,53,"array([0.59726055, 0.8757749 ])"
2762,16911458,left,12178825,sensory,respiratory,21,"array([0.73288465, 0.99032207])"
2763,16931001,left,8709865,pre-DN-VNC,no official annotation,78,"array([0.64284811, 0.76459297])"
2764,16934932,right,9594273,pre-DN-VNC,PL-20,85,"array([0.60039012, 0.71895027])"
2765,16935790,left,11359482,PN-somato,proprio 2nd_order PN,65,"array([0.61870125, 0.74571181])"
2766,16937395,left,9519425,pre-DN-VNC,no official annotation,85,"array([0.58295552, 0.70888067])"
2767,16947349,right,9154024,pre-DN-VNC,no official annotation,87,"array([0.62387727, 0.71041841])"
2768,16950097,left,4847079,pre-DN-VNC,no official annotation,80,"array([0.60776961, 0.74654489])"
2769,16950321,,-1,,,0,"array([0.71111599, 0.88751602])"
2770,16950354,right,19361427,DN-VNC,no official annotation,91,"array([0.64524116, 0.70470978])"
2771,16950443,right,16670540,DN-VNC,no official annotation,89,"array([0.64329016, 0.67078313])"
2772,16950550,right,16667592,DN-VNC,no official annotation,91,"array([0.65022351, 0.70384802])"
2773,16950767,right,16852622,DN-VNC,no official annotation,89,"array([0.6257552, 0.6622254])"
2774,16950798,right,16851577,DN-VNC,no official annotation,87,"array([0.6314664, 0.7033112])"
2775,16952642,left,6155577,DN-VNC,no official annotation,89,"array([0.61692133, 0.66910292])"
2776,16952648,left,5900426,DN-VNC,no official annotation,88,"array([0.65408748, 0.68138051])"
2777,16952671,left,6154200,DN-VNC,no official annotation,88,"array([0.64883204, 0.6905321 ])"
2778,16952691,left,5052370,DN-VNC,no official annotation,87,"array([0.62085639, 0.70364463])"
2779,16959698,,-1,,,0,"array([0.62980412, 0.83819064])"
2780,16972043,left,4507955,MB-FFN,FFN-36,88,"array([0.56304252, 0.73449385])"
2781,16992171,left,17356024,pre-DN-VNC,no official annotation,84,"array([0.61060739, 0.73073069])"
2782,17000062,left,17755491,pre-DN-VNC,no official annotation,80,"array([0.62846947, 0.75985152])"
2783,17012001,,-1,,,0,"array([0.68750731, 0.85800638])"
2784,17015609,left,8790590,MB-FFN,FFN-38,-1,"array([0.66177033, 0.71023467])"
2785,17025508,right,20556072,DN-VNC,no official annotation,88,"array([0.67068696, 0.70272768])"
2786,17031293,right,18106257,PN-somato,mechano-Ch 2nd_order PN; proprio 2nd_order PN,84,"array([0.62770308, 0.7099169 ])"
2787,17062823,left,16393165,DN-SEZ,no official annotation,3,"array([0.54044103, 0.87461178])"
2788,17067625,left,16340011,pre-DN-VNC,no official annotation,78,"array([0.64408858, 0.70094336])"
2789,17075832,left,14039007,DN-VNC,no official annotation,86,"array([0.56711505, 0.74682428])"
2790,17083341,right,17813457,pre-DN-VNC,PL-24,69,"array([0.58506417, 0.75017304])"
2791,17086412,left,17362538,pre-DN-VNC,no official annotation,52,"array([0.70106654, 0.75794952])"
2792,17102002,left,1065967,DN-VNC,no official annotation,70,"array([0.70354212, 0.76631312])"
2793,17105218,left,9067063,pre-DN-VNC,PL-18,84,"array([0.58657959, 0.70595437])"
2794,17105977,left,8970595,PN-somato,noci 2nd_order PN,18,"array([0.7318027, 0.8381641])"
2795,17110024,left,9037152,PN-somato,PL-3; proprio 2nd_order PN,72,"array([0.58632344, 0.69764551])"
2796,17110189,left,6182848,PN-somato,proprio 2nd_order PN,72,"array([0.56745976, 0.72112562])"
2797,17140424,left,9753530,CN,no official annotation,64,"array([0.61612847, 0.83134973])"
2798,17165755,left,13727202,DN-VNC,no official annotation,91,"array([0.61405491, 0.73116377])"
2799,17166682,right,14133114,LHN,no official annotation,76,"array([0.57964005, 0.79415627])"
2800,17170215,,-1,,,0,"array([0.71758353, 0.88681223])"
2801,17176882,right,17176866,PN,FFN-12; gut 2nd_order PN; mechano-II/III 2nd_order PN,54,"array([0.61146545, 0.90173501])"
2802,17177419,left,4227880,pre-DN-VNC,no official annotation,69,"array([0.56218836, 0.7423275 ])"
2803,17224013,left,14759661,pre-DN-SEZ,no official annotation,18,"array([0.69702776, 0.87371552])"
2804,17247877,right,9429085,pre-DN-SEZ,no official annotation,86,"array([0.65721857, 0.76409874])"
2805,17276867,left,6611100,CN,CN-41,81,"array([0.59613371, 0.77443553])"
2806,17297936,right,10382824,pre-DN-VNC,no official annotation,70,"array([0.6466095 , 0.72576609])"
2807,17306107,,-1,,,0,"array([0.60277609, 0.74654159])"
2808,17321919,left,4215611,DN-SEZ,no official annotation,52,"array([0.68529422, 0.80941116])"
2809,17326213,,-1,,,0,"array([0.70225088, 0.80819892])"
2810,17328632,right,12279941,pre-DN-SEZ,no official annotation,71,"array([0.6614338 , 0.83629498])"
2811,17340931,right,12868041,CN,CN-35,58,"array([0.61953213, 0.8038717 ])"
2812,17340973,right,8814524,PN-somato,proprio 2nd_order PN,72,"array([0.59295848, 0.72846024])"
2813,17352824,left,13137623,pre-DN-VNC,no official annotation,70,"array([0.69578908, 0.75654366])"
2814,17353986,left,18604097,DN-VNC,no official annotation,86,"array([0.64624279, 0.72135243])"
2815,17354403,left,12030078,DN-VNC,no official annotation,70,"array([0.65072768, 0.7124047 ])"
2816,17355892,right,16588928,DN-SEZ,no official annotation,16,"array([0.54681132, 1.06566073])"
2817,17359133,left,869360,DN-SEZ,no official annotation,5,"array([0.52680761, 0.90743902])"
2818,17359501,left,13763548,DN-VNC,no official annotation,71,"array([0.66205403, 0.78440033])"
2819,17360030,,-1,,,0,"array([0.72937431, 0.88010377])"
2820,17360262,left,14758420,LN,no official annotation,58,"array([0.63490622, 0.79582586])"
2821,17360266,left,14755393,pre-DN-VNC,no official annotation,71,"array([0.67062711, 0.77530886])"
2822,17360282,left,14754777,pre-DN-VNC,no official annotation,77,"array([0.65628123, 0.77166528])"
2823,17361566,,-1,,,0,"array([0.65996546, 0.87940987])"
2824,17362538,right,17086412,pre-DN-VNC,no official annotation,52,"array([0.71051455, 0.76149654])"
2825,17373283,left,10339991,CN,no official annotation,69,"array([0.58473642, 0.76790937])"
2826,17378475,,-1,,,0,"array([0.70189691, 0.77231625])"
2827,17378648,right,17732346,DN-VNC,no official annotation,70,"array([0.66524395, 0.72620256])"
2828,17379298,right,10018150,DN-VNC,no official annotation,70,"array([0.67083371, 0.72047186])"
2829,17380309,right,19835787,pre-DN-VNC,no official annotation,89,"array([0.61322501, 0.7060535 ])"
2830,17380345,right,20139548,DN-SEZ,no official annotation,86,"array([0.63774549, 0.75185602])"
2831,17380936,left,15542354,sensory,gut,9,"array([0.58807633, 1.03830193])"
2832,17420035,left,8705088,LHN,no official annotation,38,"array([0.63396106, 0.9024639 ])"
2833,17423125,left,5559657,DN-SEZ,no official annotation,5,"array([0.5291159 , 1.00282251])"
2834,17438424,right,17639784,CN,CN-9,58,"array([0.64048781, 0.79043405])"
2835,17455871,right,10523825,pre-DN-VNC,no official annotation,62,"array([0.65938726, 0.76164727])"
2836,17466463,right,20421224,pre-DN-VNC,no official annotation,84,"array([0.67136886, 0.72902719])"
2837,17473163,left,16571210,DN-VNC,no official annotation,52,"array([0.68329711, 0.87006241])"
2838,17488886,,-1,,,0,"array([0.68683245, 0.88125107])"
2839,17535542,right,9612903,pre-DN-SEZ,no official annotation,85,"array([0.57670657, 0.72720858])"
2840,17537254,right,19298644,DN-VNC,no official annotation,71,"array([0.62983995, 0.7723846 ])"
2841,17574013,left,9085808,pre-DN-VNC,no official annotation,72,"array([0.55513026, 0.71944783])"
2842,17587710,,-1,,,0,"array([0.60894825, 0.7807361 ])"
2843,17587726,right,4110483,DN-VNC,no official annotation,70,"array([0.71095785, 0.79000022])"
2844,17587730,right,18305433,DN-VNC,no official annotation,70,"array([0.70848133, 0.77576802])"
2845,17587734,right,18695745,DN-SEZ,no official annotation,88,"array([0.59368509, 0.67147868])"
2846,17591687,right,9201911,LHN,no official annotation,38,"array([0.63028659, 0.87364215])"
2847,17608754,left,16362243,sensory,gustatory-pharyngeal,7,"array([0.35895146, 1.02131441])"
2848,17639824,right,17736748,DN-VNC,no official annotation,88,"array([0.58243416, 0.6817441 ])"
2849,17641913,left,13429045,LHN,no official annotation,56,"array([0.62632585, 0.90258938])"
2850,17654514,right,18076102,DN-VNC,no official annotation,89,"array([0.62813827, 0.68949586])"
2851,17654519,right,17809869,DN-SEZ,no official annotation,89,"array([0.60848323, 0.66668904])"
2852,17654645,right,16366055,pre-DN-VNC,no official annotation,52,"array([0.69079065, 0.85177997])"
2853,17654967,right,16693923,pre-DN-VNC,no official annotation,70,"array([0.68269872, 0.7469999 ])"
2854,17654973,right,17827011,pre-DN-VNC,no official annotation,70,"array([0.71642779, 0.75720604])"
2855,17656886,right,17732256,DN-VNC,no official annotation,88,"array([0.6781896 , 0.70833853])"
2856,17658672,right,15669682,pre-DN-VNC,no official annotation,19,"array([0.73121532, 0.86242685])"
2857,17659014,right,16713227,DN-SEZ,no official annotation,65,"array([0.64976547, 0.74459979])"
2858,17659219,right,17732291,DN-SEZ,no official annotation,4,"array([0.51887067, 0.84464879])"
2859,17660233,right,18088813,pre-DN-VNC,no official annotation,70,"array([0.66773126, 0.71562293])"
2860,17671375,right,10958210,pre-DN-SEZ,no official annotation,38,"array([0.60226837, 0.8990617 ])"
2861,17728605,left,16463097,DN-SEZ,no official annotation,5,"array([0.54520549, 0.92088189])"
2862,17728632,,-1,,,0,"array([0.66644951, 0.93022132])"
2863,17728695,left,10367190,pre-DN-VNC,no official annotation,78,"array([0.67458051, 0.74169759])"
2864,17728781,left,13644685,pre-DN-VNC,no official annotation,65,"array([0.60706892, 0.73176416])"
2865,17728896,,-1,,,0,"array([0.67639508, 0.89746922])"
2866,17729110,left,16399845,LHN,no official annotation,50,"array([0.66217506, 0.86110853])"
2867,17729161,,-1,,,0,"array([0.71761709, 0.87319248])"
2868,17729167,,-1,,,0,"array([0.66839948, 0.86709348])"
2869,17729195,left,5545085,PN-somato,mechano-Ch 2nd_order PN,14,"array([0.76765636, 0.84501175])"
2870,17732071,,-1,,,0,"array([0.68589395, 0.74218726])"
2871,17732085,left,8698941,LHN,no official annotation,44,"array([0.65785321, 0.82238548])"
2872,17732256,left,17656886,DN-VNC,no official annotation,88,"array([0.64409316, 0.69481608])"
2873,17732311,left,5995125,DN-VNC,no official annotation,88,"array([0.66187258, 0.69902551])"
2874,17732346,left,17378648,DN-VNC,no official annotation,70,"array([0.65955425, 0.71943144])"
2875,17736641,left,20911955,DN-VNC,no official annotation,89,"array([0.58348124, 0.68964363])"
2876,17736654,left,20911961,DN-VNC,no official annotation,89,"array([0.6090114 , 0.70424078])"
2877,17736748,left,17639824,DN-VNC,no official annotation,88,"array([0.55800126, 0.69386978])"
2878,17736755,left,15964206,DN-VNC,no official annotation,88,"array([0.55732307, 0.71070262])"
2879,17776906,left,4101295,LN,no official annotation,28,"array([0.59058879, 0.88448192])"
2880,17804729,left,11050498,pre-DN-VNC,no official annotation,50,"array([0.68549531, 0.83560298])"
2881,17809869,left,17654519,DN-SEZ,no official annotation,89,"array([0.58928722, 0.7204299 ])"
2882,17813001,right,13818467,pre-DN-SEZ,no official annotation,71,"array([0.65810164, 0.80118256])"
2883,17813457,left,17083341,pre-DN-VNC,PL-24,69,"array([0.58633988, 0.75347474])"
2884,17813499,,-1,,,0,"array([0.58455725, 0.73138917])"
2885,17827011,left,17654973,pre-DN-VNC,no official annotation,70,"array([0.71588631, 0.77738436])"
2886,17877682,right,13736919,DN-VNC,no official annotation,88,"array([0.68585056, 0.69746743])"
2887,17913185,,-1,,,0,"array([0.59941875, 0.88771286])"
2888,17927604,left,11605567,pre-DN-SEZ,no official annotation,56,"array([0.63883167, 0.86289021])"
2889,17933822,,-1,,,0,"array([0.66045938, 0.87308634])"
2890,17937991,right,6729443,pre-DN-VNC,no official annotation,70,"array([0.70479574, 0.74791987])"
2891,17951049,left,10263287,DN-SEZ,no official annotation,24,"array([0.60957171, 1.05593381])"
2892,17951153,right,15770945,sensory,gut,16,"array([0.62668309, 1.05525552])"
2893,17975547,left,15018449,pre-DN-VNC,no official annotation,72,"array([0.57222013, 0.72553156])"
2894,17990556,right,9351843,pre-DN-SEZ,no official annotation,71,"array([0.63705562, 0.81290828])"
2895,18058793,left,14588375,DN-VNC,no official annotation,88,"array([0.62953025, 0.72406585])"
2896,18080008,right,15995958,pre-DN-VNC,no official annotation,89,"array([0.59958174, 0.71290184])"
2897,18084995,right,11476614,MB-FBN,FB2N-20,91,"array([0.65286863, 0.74243649])"
2898,18088813,left,17660233,pre-DN-VNC,no official annotation,70,"array([0.63988017, 0.70470931])"
2899,18099401,,-1,,,0,"array([0.66703444, 0.83996387])"
2900,18106257,left,17031293,PN-somato,mechano-Ch 2nd_order PN; proprio 2nd_order PN,84,"array([0.60811354, 0.72168482])"
2901,18133444,right,4901087,pre-DN-VNC,no official annotation,71,"array([0.66203585, 0.83930769])"
2902,18149325,left,14757050,pre-DN-VNC,no official annotation,52,"array([0.69820104, 0.79975078])"
2903,18163015,,-1,,,0,"array([0.58985323, 0.73249602])"
2904,18187865,,-1,,,0,"array([0.67489275, 0.75320471])"
2905,18220289,right,14450919,LHN,no official annotation,38,"array([0.61896275, 0.88104441])"
2906,18231999,right,15766999,sensory,gut,16,"array([0.59025418, 1.07736486])"
2907,18302610,right,8347720,pre-DN-VNC,no official annotation,52,"array([0.68238452, 0.87461654])"
2908,18305433,left,17587730,DN-VNC,no official annotation,70,"array([0.68769857, 0.78049711])"
2909,18305476,left,13007383,DN-SEZ,no official annotation,88,"array([0.57557026, 0.67699808])"
2910,18464581,right,10728328,DN-VNC,no official annotation,85,"array([0.64192446, 0.73730608])"
2911,18485293,left,17647621,DN-VNC,no official annotation,84,"array([0.66177797, 0.72455472])"
2912,18501001,left,1805669,pre-DN-VNC,no official annotation,71,"array([0.64333914, 0.77619746])"
2913,18570360,,-1,,,0,"array([0.59662496, 0.7850934 ])"
2914,18620885,right,15997929,sensory,gustatory-pharyngeal,5,"array([0.56936405, 0.94415331])"
2915,18630153,right,3639968,sensory,thermo-cold,5,"array([0.50279631, 0.85462812])"
2916,18679889,right,15711289,sensory,gustatory-external,7,"array([0.35811367, 0.88387553])"
2917,18785124,right,15725673,sensory,gustatory-pharyngeal,13,"array([0.21911212, 0.85038229])"
2918,18833414,right,15699715,sensory,gustatory-external,9,"array([0.4037747 , 0.90854123])"
2919,18909888,,-1,,,0,"array([0.67788819, 0.76769274])"
2920,18929470,left,6700147,DN-VNC,no official annotation,89,"array([0.61215494, 0.69393842])"
2921,18934019,left,15609885,sensory,gustatory-external,3,"array([0.58651344, 0.90722608])"
2922,19017854,left,19037563,sensory,respiratory,21,"array([0.72689565, 0.97201649])"
2923,19037563,right,19017854,sensory,respiratory,21,"array([0.70423065, 0.97004007])"
2924,19088042,left,8717042,CN,no official annotation,66,"array([0.63842378, 0.80112253])"
2925,19101351,left,3848843,PN,gustatory-external 2nd_order PN,8,"array([0.66520497, 0.88065083])"
2926,19132527,right,16433696,pre-DN-SEZ,no official annotation,62,"array([0.65697379, 0.83223876])"
2927,19166349,left,13167730,pre-DN-VNC,no official annotation,68,"array([0.68165012, 0.76669246])"
2928,19175973,,-1,,,0,"array([0.58000985, 0.77828664])"
2929,19180425,left,15609427,sensory,gustatory-external,13,"array([0.46131981, 0.73932862])"
2930,19298625,left,16154290,DN-VNC,no official annotation,71,"array([0.63778093, 0.76279034])"
2931,19298644,left,17537254,DN-VNC,no official annotation,71,"array([0.65808892, 0.75852271])"
2932,19835787,left,17380309,pre-DN-VNC,no official annotation,89,"array([0.63227394, 0.69845266])"
2933,19880680,,-1,,,0,"array([0.66151178, 0.82437425])"
2934,19989037,right,12390459,PN-somato,proprio 2nd_order PN,70,"array([0.66769525, 0.74910712])"
2935,20139548,left,17380345,DN-SEZ,no official annotation,86,"array([0.66763677, 0.75299987])"
2936,20172310,left,9521722,LN,no official annotation,88,"array([0.61287238, 0.71669393])"
2937,20343986,left,2881070,PN-somato,noci 2nd_order PN,18,"array([0.71930457, 0.86307352])"
2938,20344845,,-1,,,0,"array([0.75364538, 0.8302503 ])"
2939,20443362,right,16863538,pre-DN-VNC,no official annotation,86,"array([0.67003647, 0.74731808])"
2940,20443420,right,5750884,PN-somato,Tel5; noci 2nd_order PN,27,"array([0.71130132, 0.84258722])"
2941,20443501,right,5746180,pre-DN-VNC,no official annotation,44,"array([0.65430384, 0.80888644])"
2942,20479904,right,17729347,pre-DN-VNC,no official annotation,70,"array([0.70976056, 0.76728226])"
2943,20536322,right,9436520,pre-DN-SEZ,no official annotation,56,"array([0.63953357, 0.85993607])"
2944,20556072,left,17025508,DN-VNC,no official annotation,88,"array([0.6539353 , 0.70615412])"
2945,20911955,right,17736641,DN-VNC,no official annotation,89,"array([0.65018017, 0.69922233])"
2946,20911961,right,17736654,DN-VNC,no official annotation,89,"array([0.61340838, 0.67908444])"
2947,20981321,,-1,,,0,"array([0.73073822, 0.88581707])"
2948,20981350,,-1,,,0,"array([0.68765452, 0.87307348])"
2949,21250110,left,9640873,ascending,noci,18,"array([0.68825447, 0.81763229])"
2950,21300466,left,18644088,pre-DN-SEZ,no official annotation,62,"array([0.64361597, 0.80374118])"
2951,21664445,right,4926999,LN,no official annotation,28,"array([0.5825022 , 0.88442698])"
2952,15609427,right,19180425,sensory,gustatory-external,13,"array([-0.44778681,  0.38987384])"
2953,15542199,right,0,sensory,gustatory-pharyngeal,-1,"array([-0.21515223,  0.03508711])"
2954,8199012,right,0,sensory,gustatory-pharyngeal,-1,"array([ 0.25628675, -0.26116719])"
2955,15998319,left,15594038,sensory,gustatory-pharyngeal,-1,"array([-0.53728966,  0.87229075])"
